image_width,image_height,tile_width,tile_height,image_date,imagery_type,projection_type,pano_yaw_deg,tilt_yaw_deg,tilt_pitch_deg,panoId,zoomLevels,lat,lng,original_lat,original_lng,elevation_wgs84_m,description,streetRange,region,country,elevation_egm96_m,links_cnt,link_forward_yawDeg,link_f_panoId,link_f_road_argb,link_f_description,link_backward_yawDeg,link_b_panoId,link_b_road_argb,link_b_description,link_others
13312,6656,512,512,2014-8,1,spherical,5.23420524597168,90.48649597167969,1.345668077468872,znuYMYuRAnWodO_nKEcpAw,,33.9908825311524,-81.00626099786534,,,,101 S Woodrow St,,Columbia; South Carolina,US,89.71270751953125,4,4.480648994445801,iwIR7ReTsovIl2NEO1n1jA,,Woodrow St,279.83447265625,oUNvMa7PVtjhDnx-1NnsTQ,,Heyward St,89.1512451171875|_dSD7M9ggy25Y8ocd3bOVw||Heyward St|184.6192474365234|bD0H1wJkNsf920LkpU9bXA||S Woodrow St
16384,8192,512,512,2022-2,1,spherical,183.5409698486328,88.68717956542969,0.5084905624389648,bD0H1wJkNsf920LkpU9bXA,,33.99081470797398,-81.00631140436437,,,,101 S Woodrow St,,Columbia; South Carolina,US,89.00374603271484,2,184.599853515625,p4RFDXvkNmC42i42QrU10Q,,S Woodrow St,4.619254589080811,znuYMYuRAnWodO_nKEcpAw,,S Woodrow St
16384,8192,512,512,2022-2,1,spherical,183.2300720214844,89.07646942138672,0.397373378276825,p4RFDXvkNmC42i42QrU10Q,,33.99072225877176,-81.00631814770628,,,,100 S Woodrow St,,Columbia; South Carolina,US,88.85005950927734,2,184.6671600341797,HLEanEQavzLGOgt1CAy8tA,,S Woodrow St,4.599846839904785,bD0H1wJkNsf920LkpU9bXA,,S Woodrow St
16384,8192,512,512,2021-12,1,spherical,184.5931854248047,89.51876831054688,1.281742215156555,HLEanEQavzLGOgt1CAy8tA,,33.990650218339,-81.00632716692519,,,,100 S Woodrow St,,Columbia; South Carolina,US,88.78125762939453,2,184.6388702392578,ye0Bj3kdK30YplYkpneKdQ,,S Woodrow St,4.667163372039795,p4RFDXvkNmC42i42QrU10Q,,S Woodrow St
16384,8192,512,512,2022-2,1,spherical,183.4869384765625,88.76634979248047,0.7035312652587891,ye0Bj3kdK30YplYkpneKdQ,,33.99063135235212,-81.00632522821466,,,,100 S Woodrow St,,Columbia; South Carolina,US,88.75653839111328,2,184.5919647216797,o3bXwz6__nb8XqfLceHOxA,,S Woodrow St,4.63886833190918,HLEanEQavzLGOgt1CAy8tA,,S Woodrow St
16384,8192,512,512,2022-2,1,spherical,183.6714019775391,89.01139068603516,0.560616672039032,o3bXwz6__nb8XqfLceHOxA,,33.99053988018604,-81.00633264588943,,,,100 S Woodrow St,,Columbia; South Carolina,US,88.63682556152344,2,184.6388702392578,9uzvJYjfhOL1PVl_1DcnTw,,S Woodrow St,4.591967105865479,ye0Bj3kdK30YplYkpneKdQ,,S Woodrow St
16384,8192,512,512,2022-2,1,spherical,51.89171600341797,89.61692810058594,1.880050659179688,_dSD7M9ggy25Y8ocd3bOVw,,33.99084888466184,-81.00621623889022,,,,2700 Heyward St,,Columbia; South Carolina,US,88.90975189208984,2,94.36642456054688,1qTopLEo4k5euVrLowCI_w,,Heyward St,269.1512451171875,znuYMYuRAnWodO_nKEcpAw,,S Woodrow St
16384,8192,512,512,2022-2,1,spherical,90.2288589477539,88.60185241699219,2.08366870880127,1qTopLEo4k5euVrLowCI_w,,33.99086372649392,-81.00610699653924,,,,2700 Heyward St,,Columbia; South Carolina,US,88.77083587646484,2,94.3367919921875,XShHFvEc3Mi2fhPmjY7OGw,,Heyward St,274.3664245605469,_dSD7M9ggy25Y8ocd3bOVw,,Heyward St
16384,8192,512,512,2022-2,1,spherical,90.96747589111328,88.49046325683594,0.9312620162963867,XShHFvEc3Mi2fhPmjY7OGw,,33.99086202736026,-81.00598612172469,,,,2701 Heyward St,,Columbia; South Carolina,US,88.50994110107422,2,94.38910675048828,piIyY_Bgq2dmllHQlN7FRw,,Heyward St,274.3367919921875,1qTopLEo4k5euVrLowCI_w,,Heyward St
16384,8192,512,512,2022-2,1,spherical,91.73087310791016,88.12513732910156,0.1135652586817741,piIyY_Bgq2dmllHQlN7FRw,,33.99085874469939,-81.00586895558409,,,,2701 Heyward St,,Columbia; South Carolina,US,88.21570587158203,2,94.36042785644531,jU2oGQbTTo4Jop2ISGlF9Q,,Heyward St,274.3890991210938,XShHFvEc3Mi2fhPmjY7OGw,,Heyward St
16384,8192,512,512,2022-2,1,spherical,92.96061706542969,87.760498046875,359.7362060546875,jU2oGQbTTo4Jop2ISGlF9Q,,33.99085527745493,-81.00575617247293,,,,2701 Heyward St,,Columbia; South Carolina,US,87.89836120605469,2,94.37487030029297,7scskWkS3f0TlHblKMsN9w,,Heyward St,274.3604125976562,piIyY_Bgq2dmllHQlN7FRw,,Heyward St
16384,8192,512,512,2022-2,1,spherical,94.02490997314453,87.64717102050781,359.8843078613281,7scskWkS3f0TlHblKMsN9w,,33.99084876593365,-81.00564558080535,,,,2714 Heyward St,,Columbia; South Carolina,US,87.5588150024414,2,94.36540985107422,sJm_PTo5sdMLccs2XsFOJQ,,Heyward St,274.3748779296875,jU2oGQbTTo4Jop2ISGlF9Q,,Heyward St
16384,8192,512,512,2022-2,1,spherical,94.5309829711914,87.44007110595703,359.6905517578125,sJm_PTo5sdMLccs2XsFOJQ,,33.99084148116425,-81.00553709629793,,,,2714 Heyward St,,Columbia; South Carolina,US,87.18231964111328,2,94.34952545166016,HWNdVqAf90a1evopt2Oaow,,Heyward St,274.3654174804688,7scskWkS3f0TlHblKMsN9w,,Heyward St
16384,8192,512,512,2022-2,1,spherical,94.81648254394531,87.5792236328125,359.7816467285156,HWNdVqAf90a1evopt2Oaow,,33.9908329373578,-81.00542869593411,,,,2716 Heyward St,,Columbia; South Carolina,US,86.83301544189453,2,94.40461730957031,VQyJI_QhA31YcKqD8uMLTw,,Heyward St,274.3495178222656,sJm_PTo5sdMLccs2XsFOJQ,,Heyward St
16384,8192,512,512,2022-2,1,spherical,95.61062622070312,87.65165710449219,0.2070737779140472,VQyJI_QhA31YcKqD8uMLTw,,33.99082421069891,-81.0053224027423,,,,2718 Heyward St,,Columbia; South Carolina,US,86.51724243164062,2,94.34912872314453,1stgjxbYI9gxL3PJ7DbSBw,,Heyward St,274.4046325683594,HWNdVqAf90a1evopt2Oaow,,Heyward St
16384,8192,512,512,2022-2,1,spherical,97.359619140625,87.58270263671875,0.6641716361045837,1stgjxbYI9gxL3PJ7DbSBw,,33.99081315331543,-81.00521653087205,,,,2718 Heyward St,,Columbia; South Carolina,US,86.2155990600586,2,94.34295654296875,AdJs0TBvP6SC603OOmn4XQ,,Heyward St,274.34912109375,VQyJI_QhA31YcKqD8uMLTw,,Heyward St
16384,8192,512,512,2022-2,1,spherical,97.67767333984375,87.91756439208984,0.6004317402839661,AdJs0TBvP6SC603OOmn4XQ,,33.99080082059436,-81.00511167037651,,,,2717 Heyward St,,Columbia; South Carolina,US,85.91046905517578,2,94.39747619628906,5kTjuAGYp5jNzaOpt54sWQ,,Heyward St,274.3429565429688,1stgjxbYI9gxL3PJ7DbSBw,,Heyward St
16384,8192,512,512,2022-2,1,spherical,96.41649627685547,88.05867767333984,1.903461337089539,5kTjuAGYp5jNzaOpt54sWQ,,33.9907890843448,-81.00500689403482,,,,2724 Heyward St,,Columbia; South Carolina,US,85.67462158203125,2,94.34078216552734,15oCd-mPagUVtzLLr7urPg,,Heyward St,274.3974914550781,AdJs0TBvP6SC603OOmn4XQ,,Heyward St
16384,8192,512,512,2022-2,1,spherical,95.09471893310547,88.34529113769531,1.911146640777588,15oCd-mPagUVtzLLr7urPg,,33.99077987822244,-81.00490211755404,,,,2730 Heyward St,,Columbia; South Carolina,US,85.46007537841797,2,94.39494323730469,kg5Va-TcYa2Ud43zQRGhxg,,Heyward St,274.3407897949219,5kTjuAGYp5jNzaOpt54sWQ,,Heyward St
16384,8192,512,512,2022-2,1,spherical,93.6993179321289,88.45743560791016,1.713865399360657,kg5Va-TcYa2Ud43zQRGhxg,,33.990772774337,-81.00479725664079,,,,2719 Heyward St,,Columbia; South Carolina,US,85.29838562011719,2,94.34712982177734,2eW9USFyCV5KRNuQeeVuvg,,Heyward St,274.3949584960938,15oCd-mPagUVtzLLr7urPg,,Heyward St
16384,8192,512,512,2022-2,1,spherical,92.35017395019531,88.62527465820312,1.535264134407043,2eW9USFyCV5KRNuQeeVuvg,,33.9907662009874,-81.00464215664228,,,,2732 Heyward St,,Columbia; South Carolina,US,85.06014251708984,2,94.37306213378906,Q1nm7SSKRmPKA1mtQBeEOQ,,Heyward St,274.3471374511719,kg5Va-TcYa2Ud43zQRGhxg,,Heyward St
16384,8192,512,512,2022-2,1,spherical,93.58373260498047,88.77655792236328,1.11917519569397,Q1nm7SSKRmPKA1mtQBeEOQ,,33.99076168725367,-81.00454041424946,,,,2725 Heyward St,,Columbia; South Carolina,US,84.93793487548828,2,94.38665008544922,Pa0i4gXhjfPGumg0GZ5NEw,,Heyward St,274.3730773925781,2eW9USFyCV5KRNuQeeVuvg,,Heyward St
16384,8192,512,512,2022-2,1,spherical,95.33656311035156,88.6913833618164,1.168606162071228,Pa0i4gXhjfPGumg0GZ5NEw,,33.99075060075545,-81.0043881797366,,,,2741 Heyward St,,Columbia; South Carolina,US,84.66682434082031,2,94.34113311767578,G7_FO5CzMoe5qXGKcnCI5A,,Heyward St,274.3866577148438,Q1nm7SSKRmPKA1mtQBeEOQ,,Heyward St
16384,8192,512,512,2022-2,1,spherical,94.71232604980469,88.7098617553711,0.7361299991607666,G7_FO5CzMoe5qXGKcnCI5A,,33.9907428812478,-81.00428298096479,,,,2744 Heyward St,,Columbia; South Carolina,US,84.53062438964844,2,94.36636352539062,ave-Rxhxi1XZqLG2rGBhLQ,,Heyward St,274.3411254882812,Pa0i4gXhjfPGumg0GZ5NEw,,Heyward St
16384,8192,512,512,2022-2,1,spherical,94.92942810058594,88.60153198242188,1.051692605018616,ave-Rxhxi1XZqLG2rGBhLQ,,33.9907352797538,-81.00418283969599,,,,2744 Heyward St,,Columbia; South Carolina,US,84.43187713623047,2,94.38008117675781,7jrOq7VpbYDAqcdwxxzjFw,,Heyward St,274.3663635253906,G7_FO5CzMoe5qXGKcnCI5A,,Heyward St
16384,8192,512,512,2022-2,1,spherical,95.12975311279297,89.65763854980469,0.5855200290679932,7jrOq7VpbYDAqcdwxxzjFw,,33.99072701129506,-81.004080506652,,,,2798 Heyward St,,Columbia; South Carolina,US,84.35775756835938,2,83.88621520996094,Uq-nJ568AjuOdFyVqd_tYA,,Maple St,274.3800964355469,ave-Rxhxi1XZqLG2rGBhLQ,,Heyward St
13312,6656,512,512,2014-7,1,spherical,183.862548828125,90.59414672851562,359.0975036621094,Uq-nJ568AjuOdFyVqd_tYA,,33.99076215967264,-81.00403768520707,,,,101 Maple St,,Columbia; South Carolina,US,85.39894104003906,4,185.4740753173828,NK9dGw4hzNk3UAyZgRR7GA,,S Maple St,4.159068584442139,Po-HGlF5WBAyrahfKZiV8Q,,Maple St,263.88623046875|7jrOq7VpbYDAqcdwxxzjFw||Heyward St|107.8522644042969|IRj6pgrJ47JxmowWxwPJMg||Heyward St
16384,8192,512,512,2022-2,1,spherical,352.31298828125,91.29952239990234,359.3669738769531,Po-HGlF5WBAyrahfKZiV8Q,,33.99083843714045,-81.00400481045996,,,,100 Maple St,,Columbia; South Carolina,US,84.61871337890625,2,184.1590728759766,Uq-nJ568AjuOdFyVqd_tYA,,Maple St,4.184365272521973,s6l_FF1QPXOS0cuToo138Q,,Maple St
16384,8192,512,512,2022-2,1,spherical,183.3706665039062,88.66273498535156,0.4609251916408539,s6l_FF1QPXOS0cuToo138Q,,33.9909264665453,-81.00403094167032,,,,101 Maple St,,Columbia; South Carolina,US,84.78895568847656,2,184.1843719482422,Po-HGlF5WBAyrahfKZiV8Q,,Maple St,4.150003433227539,kT0IYXXfJwtBq2l2t_NSSg,,Maple St
16384,8192,512,512,2022-2,1,spherical,184.8489685058594,89.81927490234375,1.53374445438385,kT0IYXXfJwtBq2l2t_NSSg,,33.99100839718216,-81.00402453530987,,,,101 Maple St,,Columbia; South Carolina,US,84.81108093261719,2,184.1500091552734,s6l_FF1QPXOS0cuToo138Q,,Maple St,4.135851860046387,nZ1LvJ8KJWBRTYVFiD5lFw,,Maple St
16384,8192,512,512,2022-2,1,spherical,279.9828491210938,91.00757598876953,1.414089798927307,IRj6pgrJ47JxmowWxwPJMg,,33.99076519951889,-81.00393889233607,,,,2801 Heyward St,,Columbia; South Carolina,US,84.14543914794922,2,287.8522644042969,Uq-nJ568AjuOdFyVqd_tYA,,Maple St,94.94985961914062,-apTLrvpSNEjvG8b5eWZ2A,,Heyward St
16384,8192,512,512,2022-2,1,spherical,93.675537109375,89.64164733886719,1.045458316802979,-apTLrvpSNEjvG8b5eWZ2A,,33.99071106181859,-81.00383672756467,,,,2800 Heyward St,,Columbia; South Carolina,US,84.1174087524414,2,94.95838928222656,k5-O4GqXpRuptfifbbEKiA,,Heyward St,274.9498596191406,IRj6pgrJ47JxmowWxwPJMg,,Heyward St
16384,8192,512,512,2022-2,1,spherical,93.48524475097656,89.69666290283203,0.7435612678527832,k5-O4GqXpRuptfifbbEKiA,,33.99070445888381,-81.00372031688427,,,,2806 Heyward St,,Columbia; South Carolina,US,84.11161041259766,2,95.00566864013672,ze6gfwt2C_4q1yTlUeCH5w,,Heyward St,274.9584045410156,-apTLrvpSNEjvG8b5eWZ2A,,Heyward St
16384,8192,512,512,2022-2,1,spherical,275.7554321289062,89.01351928710938,0.5402577519416809,ze6gfwt2C_4q1yTlUeCH5w,,33.99072723568063,-81.00360660346158,,,,2807 Heyward St,,Columbia; South Carolina,US,84.15994262695312,2,275.0056762695312,k5-O4GqXpRuptfifbbEKiA,,Heyward St,94.96050262451172,R-W7ERvp6zToS_CGhfHnaA,,Heyward St
16384,8192,512,512,2022-2,1,spherical,93.7459945678711,89.50283813476562,0.4035352170467377,R-W7ERvp6zToS_CGhfHnaA,,33.99068883106811,-81.00349702031953,,,,2809 Heyward St,,Columbia; South Carolina,US,84.39591217041016,2,94.9401626586914,JQxp623YuaK49p8BHzwuJg,,Heyward St,274.9605102539062,ze6gfwt2C_4q1yTlUeCH5w,,Heyward St
16384,8192,512,512,2022-2,1,spherical,94.3416748046875,89.5872802734375,0.4014394581317902,JQxp623YuaK49p8BHzwuJg,,33.99068557065638,-81.00339283189881,,,,2810 Heyward St,,Columbia; South Carolina,US,84.2423095703125,2,95.00706481933594,H249N2xGy4bjvV2RCOnPng,,Heyward St,274.9401550292969,R-W7ERvp6zToS_CGhfHnaA,,Heyward St
16384,8192,512,512,2022-2,1,spherical,94.45819854736328,89.76022338867188,0.8585867881774902,H249N2xGy4bjvV2RCOnPng,,33.99067753303714,-81.0032856087203,,,,2815 Heyward St,,Columbia; South Carolina,US,84.46697998046875,2,94.9471664428711,iZlXnP3b0UVZs7bp_qtPMw,,Heyward St,275.0070495605469,JQxp623YuaK49p8BHzwuJg,,Heyward St
16384,8192,512,512,2022-2,1,spherical,94.54458618164062,89.60162353515625,0.912450909614563,iZlXnP3b0UVZs7bp_qtPMw,,33.99067022406737,-81.00318142002057,,,,2814 Heyward St,,Columbia; South Carolina,US,84.52318572998047,2,94.94713592529297,DxbjbJpKHB9Sut2ACVUoww,,Heyward St,274.9471740722656,H249N2xGy4bjvV2RCOnPng,,Heyward St
16384,8192,512,512,2022-2,1,spherical,94.49480438232422,89.7846450805664,0.415544718503952,DxbjbJpKHB9Sut2ACVUoww,,33.99066309605261,-81.00307739977376,,,,2817 Heyward St,,Columbia; South Carolina,US,84.56798553466797,2,95.00262451171875,vFu4cCea3kkheGt941HrBA,,Heyward St,274.9471435546875,iZlXnP3b0UVZs7bp_qtPMw,,Heyward St
16384,8192,512,512,2022-2,1,spherical,93.95994567871094,89.89791107177734,0.6778637766838074,vFu4cCea3kkheGt941HrBA,,33.99065355917745,-81.00297388516194,,,,2818 Heyward St,,Columbia; South Carolina,US,84.92127990722656,2,94.94036102294922,Zz5dleaUI9Wt2KJ1IxhLxg,,Heyward St,275.0026245117188,DxbjbJpKHB9Sut2ACVUoww,,Heyward St
16384,8192,512,512,2022-2,1,spherical,93.76309967041016,90.05791473388672,0.6632718443870544,Zz5dleaUI9Wt2KJ1IxhLxg,,33.99065031063759,-81.00286986464167,,,,2819 Heyward St,,Columbia; South Carolina,US,84.47146606445312,2,95.00883483886719,hwRXTX5kfkv5Qx_f3z_svg,,Heyward St,274.9403686523438,vFu4cCea3kkheGt941HrBA,,Heyward St
16384,8192,512,512,2022-2,1,spherical,93.68548583984375,90.01591491699219,0.3542479574680328,hwRXTX5kfkv5Qx_f3z_svg,,33.99064126597028,-81.00275926893008,,,,2820 Heyward St,,Columbia; South Carolina,US,84.77459716796875,2,94.93955993652344,X4zFM0D_7uMnYTAbbvkUxw,,Heyward St,275.0088500976562,Zz5dleaUI9Wt2KJ1IxhLxg,,Heyward St
16384,8192,512,512,2022-2,1,spherical,94.31101989746094,89.77550506591797,0.5712518095970154,X4zFM0D_7uMnYTAbbvkUxw,,33.99063747633435,-81.00265592249248,,,,2821 Heyward St,,Columbia; South Carolina,US,84.62715911865234,2,94.99834442138672,hRockNpWcazaCdIyG00ZDQ,,Heyward St,274.9395446777344,hwRXTX5kfkv5Qx_f3z_svg,,Heyward St
16384,8192,512,512,2022-2,1,spherical,274.4134521484375,88.77790069580078,359.9357604980469,hRockNpWcazaCdIyG00ZDQ,,33.99065537743801,-81.00255738077956,,,,2824 Heyward St,,Columbia; South Carolina,US,84.70986938476562,2,274.9983520507812,X4zFM0D_7uMnYTAbbvkUxw,,Heyward St,94.95114135742188,H5MyHpV2g5ZwVArEPbu9SA,,Heyward St
16384,8192,512,512,2022-2,1,spherical,274.358642578125,88.95914459228516,359.4620056152344,H5MyHpV2g5ZwVArEPbu9SA,,33.99064781410517,-81.00244973498681,,,,2825 Heyward St,,Columbia; South Carolina,US,84.81534576416016,2,274.9511413574219,hRockNpWcazaCdIyG00ZDQ,,Heyward St,94.96031188964844,KwaxSBQx7TJ-s0jR3yrzIg,,Heyward St
16384,8192,512,512,2022-2,1,spherical,95.10252380371094,90.92896270751953,0.3929395973682404,KwaxSBQx7TJ-s0jR3yrzIg,,33.99061241077418,-81.00233509247762,,,,2829 Heyward St,,Columbia; South Carolina,US,84.96574401855469,2,95.0059585571289,WrhnlrRYYrg07f0-UyGw5Q,,Heyward St,274.9602966308594,H5MyHpV2g5ZwVArEPbu9SA,,Heyward St
16384,8192,512,512,2022-2,1,spherical,272.9292297363281,89.1830825805664,0.09660713374614716,WrhnlrRYYrg07f0-UyGw5Q,,33.9906339294384,-81.00222264150173,,,,2828 Heyward St,,Columbia; South Carolina,US,85.11156463623047,2,275.0059509277344,KwaxSBQx7TJ-s0jR3yrzIg,,Heyward St,94.96482849121094,wJDhhM4B0bODCW4n9Nglwg,,Heyward St
16384,8192,512,512,2022-2,1,spherical,272.1105651855469,88.939453125,0.1821925938129425,wJDhhM4B0bODCW4n9Nglwg,,33.99062808156074,-81.00210504829339,,,,2832 Heyward St,,Columbia; South Carolina,US,85.60469055175781,2,274.9648132324219,WrhnlrRYYrg07f0-UyGw5Q,,Heyward St,94.95796966552734,5-QoOaCSPClStUd4lr1LJQ,,Heyward St
16384,8192,512,512,2022-2,1,spherical,268.7752075195312,88.8696060180664,0.7060840725898743,5-QoOaCSPClStUd4lr1LJQ,,33.99062553130795,-81.00198871935582,,,,2832 Heyward St,,Columbia; South Carolina,US,85.41653442382812,2,274.9579772949219,wJDhhM4B0bODCW4n9Nglwg,,Heyward St,95.00569915771484,UavLKQe9ux68snLcIkcrfw,,Heyward St
16384,8192,512,512,2022-2,1,spherical,106.3951568603516,91.30973815917969,1.904266595840454,UavLKQe9ux68snLcIkcrfw,,33.99056727156518,-81.00188672065359,,,,2898 Heyward St,,Columbia; South Carolina,US,85.95503997802734,2,98.9905776977539,hJ4ZFA-gNteikPQTTA7C9A,,S Holly St,275.0057067871094,5-QoOaCSPClStUd4lr1LJQ,,Heyward St
16384,8192,512,512,2022-2,1,spherical,32.00919342041016,90.43402862548828,358.6429443359375,hJ4ZFA-gNteikPQTTA7C9A,,33.99058744039434,-81.00179610186132,,,,100 S Holly St,,Columbia; South Carolina,US,86.32515716552734,4,4.490633010864258,q5nbHFSOzpW9rMUJubBxfQ,,Holly St,278.9905700683594,UavLKQe9ux68snLcIkcrfw,,Heyward St,107.7064743041992|lHc8dnEGx1fW8g9fSUTPYQ||Heyward St|185.0785064697266|U-eKbhLDF2_WAgh5KjYaaw||S Holly St
16384,8192,512,512,2022-2,1,spherical,5.664183139801025,88.62592315673828,358.5713806152344,U-eKbhLDF2_WAgh5KjYaaw,,33.99050202012708,-81.00185148470764,,,,100 S Holly St,,Columbia; South Carolina,US,85.68998718261719,2,5.07850456237793,hJ4ZFA-gNteikPQTTA7C9A,,S Holly St,185.0239562988281,IifZ85-OX2_fjJ36pQC0iw,,S Holly St
16384,8192,512,512,2022-2,1,spherical,4.633149147033691,88.84972381591797,0.1366733014583588,IifZ85-OX2_fjJ36pQC0iw,,33.99038665864654,-81.00186320192586,,,,100 S Holly St,,Columbia; South Carolina,US,86.21382904052734,2,5.023958683013916,U-eKbhLDF2_WAgh5KjYaaw,,S Holly St,185.0331115722656,8CfyqhGJS5dz2LTeVF8-oA,,S Holly St
16384,8192,512,512,2021-12,1,spherical,3.819223642349243,89.54203796386719,0.6672192811965942,8CfyqhGJS5dz2LTeVF8-oA,,33.99031814590826,-81.00186741675213,,,,100 S Holly St,,Columbia; South Carolina,US,86.31429290771484,2,5.033116817474365,IifZ85-OX2_fjJ36pQC0iw,,S Holly St,185.0202331542969,8isCOY5txIZmjNij-Abj7g,,S Holly St
16384,8192,512,512,2022-2,1,spherical,4.640235424041748,88.99803161621094,0.8650256395339966,8isCOY5txIZmjNij-Abj7g,,33.99026166815492,-81.00187702655519,,,,100 S Holly St,,Columbia; South Carolina,US,85.99424743652344,2,5.020226955413818,8CfyqhGJS5dz2LTeVF8-oA,,S Holly St,185.0746154785156,CopnCkcP0Q_yZIbHcw_1ig,,S Holly St
16384,8192,512,512,2022-2,1,spherical,6.188760757446289,88.94649505615234,0.714093804359436,CopnCkcP0Q_yZIbHcw_1ig,,33.99017405226564,-81.00188756361861,,,,109 S Holly St,,Columbia; South Carolina,US,86.13611602783203,2,5.074618816375732,8isCOY5txIZmjNij-Abj7g,,S Holly St,185.0191345214844,CZOrT7h3-dt1mG6AB4b62Q,,S Holly St
16384,8192,512,512,2022-2,1,spherical,115.4353408813477,92.216796875,0.2656852900981903,lHc8dnEGx1fW8g9fSUTPYQ,,33.99059597727183,-81.00177452192892,,,,2901 Heyward St,,Columbia; South Carolina,US,85.98528289794922,2,109.2187423706055,fJH4GHwzmYz-0dQ9iIEWhw,,Heyward St,287.7064819335938,hJ4ZFA-gNteikPQTTA7C9A,,S Holly St
16384,8192,512,512,2022-2,1,spherical,100.8157730102539,92.78153991699219,359.8580627441406,fJH4GHwzmYz-0dQ9iIEWhw,,33.990573740473,-81.00165886687832,,,,2905 Heyward St,,Columbia; South Carolina,US,86.49976348876953,2,109.1706695556641,jLpgaiWtA8x0sTuU7sn5vA,,Heyward St,289.21875,lHc8dnEGx1fW8g9fSUTPYQ,,Heyward St
16384,8192,512,512,2022-2,1,spherical,113.6252517700195,91.22102355957031,0.294035017490387,jLpgaiWtA8x0sTuU7sn5vA,,33.99054411843649,-81.00155290579767,,,,2902 Heyward St,,Columbia; South Carolina,US,86.89793395996094,2,109.198844909668,0hGEr5NrV5PVdMKytvk_sg,,Heyward St,289.170654296875,fJH4GHwzmYz-0dQ9iIEWhw,,Heyward St
16384,8192,512,512,2022-2,1,spherical,120.3006134033203,90.37474060058594,1.17603862285614,0hGEr5NrV5PVdMKytvk_sg,,33.99049799163743,-81.00145419411409,,,,2906 Heyward St,,Columbia; South Carolina,US,87.10114288330078,2,109.207160949707,GuryJQqPw286ng0WjbrK1w,,Heyward St,289.1988525390625,jLpgaiWtA8x0sTuU7sn5vA,,Heyward St
16384,8192,512,512,2022-2,1,spherical,121.7759857177734,89.40442657470703,1.106879234313965,GuryJQqPw286ng0WjbrK1w,,33.99044914795412,-81.00135868559568,,,,2909 Heyward St,,Columbia; South Carolina,US,87.13622283935547,2,109.2338943481445,1bcmDHFZjjmHyEGjw3Ia8A,,Heyward St,289.2071533203125,0hGEr5NrV5PVdMKytvk_sg,,Heyward St
16384,8192,512,512,2022-2,1,spherical,5.430788040161133,89.74871063232422,357.611083984375,q5nbHFSOzpW9rMUJubBxfQ,,33.99059734323954,-81.00183909311527,,,,101 Holly St,,Columbia; South Carolina,US,85.77194213867188,2,4.915184497833252,lAw7a7N4_U0kv3VGGjpuCg,,Holly St,184.4906311035156,hJ4ZFA-gNteikPQTTA7C9A,,S Holly St
16384,8192,512,512,2022-2,1,spherical,3.734496593475342,91.12319946289062,1.591094613075256,lAw7a7N4_U0kv3VGGjpuCg,,33.99069813438486,-81.00182880893507,,,,100 Holly St,,Columbia; South Carolina,US,85.69898223876953,2,4.927007675170898,21nXy5yFNE0n-kGLgZrTQg,,Holly St,184.9151916503906,q5nbHFSOzpW9rMUJubBxfQ,,Holly St
16384,8192,512,512,2022-2,1,spherical,2.652544975280762,90.7230224609375,1.851296067237854,21nXy5yFNE0n-kGLgZrTQg,,33.99079367222467,-81.00182164372677,,,,100 Holly St,,Columbia; South Carolina,US,85.88285064697266,2,4.90261173248291,Ql8CF7lEqaZEGM_r2fa1Tg,,Holly St,184.927001953125,lAw7a7N4_U0kv3VGGjpuCg,,Holly St
16384,8192,512,512,2022-2,1,spherical,183.7861480712891,89.17247772216797,359.2879638671875,NK9dGw4hzNk3UAyZgRR7GA,,33.99069558621465,-81.00405108798465,,,,101 S Maple St,,Columbia; South Carolina,US,84.50008392333984,2,185.8338165283203,yY6TgVaeLC87Mm3GmXYOmA,,S Maple St,5.474069118499756,Uq-nJ568AjuOdFyVqd_tYA,,Maple St
16384,8192,512,512,2022-2,1,spherical,183.8721008300781,90.52024841308594,0.5354399085044861,yY6TgVaeLC87Mm3GmXYOmA,,33.99060204157609,-81.00406128758117,,,,101 S Maple St,,Columbia; South Carolina,US,84.42204284667969,2,185.8036499023438,8vuZesFkJ84f6_ih42-PGw,,S Maple St,5.833823204040527,NK9dGw4hzNk3UAyZgRR7GA,,S Maple St
16384,8192,512,512,2022-2,1,spherical,183.7670288085938,90.01429748535156,0.2078243941068649,8vuZesFkJ84f6_ih42-PGw,,33.99050788337637,-81.00406887405705,,,,126 S Maple St,,Columbia; South Carolina,US,84.49747467041016,2,185.7816009521484,3cgw-HVGmU0AZfSb7xMUGg,,S Maple St,5.803652763366699,yY6TgVaeLC87Mm3GmXYOmA,,S Maple St
16384,8192,512,512,2022-2,1,spherical,184.0571899414062,89.79750061035156,0.2149395942687988,3cgw-HVGmU0AZfSb7xMUGg,,33.99041623675303,-81.00407620764972,,,,126 S Maple St,,Columbia; South Carolina,US,84.5572280883789,2,185.8256225585938,sV5TGYhNop51kmVuD_zFQg,,S Maple St,5.781608104705811,8vuZesFkJ84f6_ih42-PGw,,S Maple St
16384,8192,512,512,2022-2,1,spherical,184.5646209716797,89.85590362548828,0.7308745980262756,sV5TGYhNop51kmVuD_zFQg,,33.99032831567685,-81.0040848899482,,,,126 S Maple St,,Columbia; South Carolina,US,84.64169311523438,2,185.7800140380859,JAZ_4QSKUS-UQ3BFIsq69Q,,S Maple St,5.825625896453857,3cgw-HVGmU0AZfSb7xMUGg,,S Maple St
16384,8192,512,512,2022-2,1,spherical,132.03076171875,90.31143951416016,1.091132402420044,oUNvMa7PVtjhDnx-1NnsTQ,,33.99085545899669,-81.00633804056156,,,,2698 Heyward St,,Columbia; South Carolina,US,88.9869613647461,2,99.83445739746094,znuYMYuRAnWodO_nKEcpAw,,S Woodrow St,274.4176940917969,AeCT6wRpAcZl8vKrOetdiA,,Heyward St
16384,8192,512,512,2022-2,1,spherical,95.68699645996094,89.34242248535156,1.667836904525757,AeCT6wRpAcZl8vKrOetdiA,,33.99088895344737,-81.00648074636365,,,,2630 Heyward St,,Columbia; South Carolina,US,89.0190200805664,2,94.41769409179688,oUNvMa7PVtjhDnx-1NnsTQ,,Heyward St,274.4014282226562,-fDSjGwFgc5JAwpbACM6zQ,,Heyward St
16384,8192,512,512,2022-2,1,spherical,94.61164855957031,89.10711669921875,1.589873313903809,-fDSjGwFgc5JAwpbACM6zQ,,33.99089863867185,-81.00659437135408,,,,2630 Heyward St,,Columbia; South Carolina,US,89.05034637451172,2,94.40143585205078,AeCT6wRpAcZl8vKrOetdiA,,Heyward St,274.4403076171875,K_cL5HvxKxpc6SurXpSb5w,,Heyward St
16384,8192,512,512,2022-2,1,spherical,94.13362884521484,89.4366683959961,1.2867751121521,K_cL5HvxKxpc6SurXpSb5w,,33.99090793086354,-81.00673598090546,,,,2627 Heyward St,,Columbia; South Carolina,US,89.04459381103516,2,94.44029998779297,-fDSjGwFgc5JAwpbACM6zQ,,Heyward St,274.4215087890625,c_EHRnqMlsR0KzHFaBKF2g,,Heyward St
16384,8192,512,512,2022-2,1,spherical,93.82794952392578,89.629150390625,1.493687987327576,c_EHRnqMlsR0KzHFaBKF2g,,33.9909153118675,-81.00683544460509,,,,2627 Heyward St,,Columbia; South Carolina,US,89.04668426513672,2,94.4215087890625,K_cL5HvxKxpc6SurXpSb5w,,Heyward St,274.4406127929688,ykx80oWPZZxJRj3fO4aDSQ,,Heyward St
16384,8192,512,512,2022-2,1,spherical,93.38347625732422,89.77960205078125,1.595050096511841,ykx80oWPZZxJRj3fO4aDSQ,,33.99092204946994,-81.00693878557038,,,,2617 Heyward St,,Columbia; South Carolina,US,89.00701141357422,2,94.44061279296875,c_EHRnqMlsR0KzHFaBKF2g,,Heyward St,274.3834228515625,RgC_j6XiCqGsQQz6a1dxDg,,Heyward St
16384,8192,512,512,2022-2,1,spherical,93.09883880615234,89.75950622558594,1.311491966247559,RgC_j6XiCqGsQQz6a1dxDg,,33.99092327833981,-81.00704406509327,,,,2615 Heyward St,,Columbia; South Carolina,US,88.979736328125,2,94.38343811035156,ykx80oWPZZxJRj3fO4aDSQ,,Heyward St,274.4474487304688,o4tDKqKjg0BooIkcuDRITQ,,Heyward St
16384,8192,512,512,2022-2,1,spherical,93.62152099609375,89.89019012451172,1.338341236114502,o4tDKqKjg0BooIkcuDRITQ,,33.99092867469521,-81.00714867014862,,,,2612 Heyward St,,Columbia; South Carolina,US,88.91128540039062,2,94.44744110107422,RgC_j6XiCqGsQQz6a1dxDg,,Heyward St,274.3946533203125,nG3H60GZDGcFBChOmtPmHw,,Heyward St
16384,8192,512,512,2022-2,1,spherical,95.04698944091797,89.74747467041016,1.7457035779953,nG3H60GZDGcFBChOmtPmHw,,33.9909358606632,-81.00725352793765,,,,2608 Heyward St,,Columbia; South Carolina,US,88.8724594116211,2,94.39466857910156,o4tDKqKjg0BooIkcuDRITQ,,Heyward St,274.455078125,JrVIp1SqDsukBJGr2PMPbw,,Heyward St
16384,8192,512,512,2022-2,1,spherical,96.17247772216797,89.95240783691406,1.97149395942688,JrVIp1SqDsukBJGr2PMPbw,,33.990944885709,-81.00735931278456,,,,2611 Heyward St,,Columbia; South Carolina,US,88.82323455810547,2,94.455078125,nG3H60GZDGcFBChOmtPmHw,,Heyward St,274.4244689941406,X_uli0BStG1-HuAR-x2X2Q,,Heyward St
16384,8192,512,512,2022-2,1,spherical,97.19876098632812,89.94483184814453,1.313085913658142,X_uli0BStG1-HuAR-x2X2Q,,33.99095638794413,-81.00746897485466,,,,2604 Heyward St,,Columbia; South Carolina,US,88.77574920654297,2,94.42446899414062,JrVIp1SqDsukBJGr2PMPbw,,Heyward St,274.4358215332031,L4GQ4RZ_haog_KUjUcqepw,,Heyward St
16384,8192,512,512,2022-2,1,spherical,97.2354965209961,90.05315399169922,0.7165424823760986,L4GQ4RZ_haog_KUjUcqepw,,33.99096945371225,-81.00758040687124,,,,2607 Heyward St,,Columbia; South Carolina,US,88.73753356933594,2,94.43582153320312,X_uli0BStG1-HuAR-x2X2Q,,Heyward St,274.3945007324219,rJOtr7fGAlki1LYCpJJ7Jw,,Heyward St
16384,8192,512,512,2022-2,1,spherical,96.42549133300781,90.02253723144531,0.3851676285266876,rJOtr7fGAlki1LYCpJJ7Jw,,33.99098132448223,-81.00769394598801,,,,2600 Heyward St,,Columbia; South Carolina,US,88.49166107177734,2,94.39450073242188,L4GQ4RZ_haog_KUjUcqepw,,Heyward St,274.4537963867188,KG1jGP8jH_TzU8Um6J5cfg,,Heyward St
16384,8192,512,512,2022-2,1,spherical,92.16793060302734,90.12338256835938,359.8175964355469,KG1jGP8jH_TzU8Um6J5cfg,,33.99099743834041,-81.00781818979348,,,,2601 Heyward St,,Columbia; South Carolina,US,87.95823669433594,2,94.45378875732422,rJOtr7fGAlki1LYCpJJ7Jw,,Heyward St,274.3782958984375,FklLqj4INt_AxUURKF_BYg,,Heyward St
16384,8192,512,512,2022-2,1,spherical,42.87055206298828,90.3810043334961,0.4521066844463348,FklLqj4INt_AxUURKF_BYg,,33.99097257939385,-81.00793231859844,,,,2601 Heyward St,,Columbia; South Carolina,US,87.91979217529297,2,94.37828826904297,KG1jGP8jH_TzU8Um6J5cfg,,Heyward St,314.5862426757812,5Oiof7qjTnhmDjeZs_jfrg,,King St
16384,8192,512,512,2022-2,1,spherical,45.47674942016602,90.0030517578125,359.0461730957031,5Oiof7qjTnhmDjeZs_jfrg,,33.99103112675877,-81.00799460891791,,,,100 King St,,Columbia; South Carolina,US,88.70330047607422,4,2.753865718841553,y8B5Wn0IZpD-G5rttpyUBg,,King St,247.3777770996094,jTeTSEX-07vJk55JssggjA,,Heyward St,134.5862426757812|FklLqj4INt_AxUURKF_BYg||Heyward St|183.8963317871094|Bh1XDgX1PfhlrhBe37npKQ||S King St
16384,8192,512,512,2022-2,1,spherical,184.3303833007812,89.14833068847656,0.7043124437332153,y8B5Wn0IZpD-G5rttpyUBg,,33.9911180200215,-81.00797421074023,,,,100 King St,,Columbia; South Carolina,US,88.66453552246094,2,182.7538604736328,5Oiof7qjTnhmDjeZs_jfrg,,King St,2.719711303710938,Ahhafd9zHiaSKhkiPFDxiA,,King St
16384,8192,512,512,2022-2,1,spherical,5.826124668121338,90.07473754882812,0.9984959363937378,Ahhafd9zHiaSKhkiPFDxiA,,33.99120650223634,-81.0079306327975,,,,101 King St,,Columbia; South Carolina,US,88.55297088623047,2,2.737996101379395,XB3GVIQfl9wCEdcTZQhwBA,,King St,182.7197113037109,y8B5Wn0IZpD-G5rttpyUBg,,King St
16384,8192,512,512,2022-2,1,spherical,5.42770528793335,90.08059692382812,0.8785568475723267,XB3GVIQfl9wCEdcTZQhwBA,,33.991299785858,-81.00791916935015,,,,104 King St,,Columbia; South Carolina,US,88.81366729736328,2,2.733495473861694,0VTT_Tf6Q3bF_d_husuYZQ,,King St,182.7379913330078,Ahhafd9zHiaSKhkiPFDxiA,,King St
16384,8192,512,512,2022-2,1,spherical,184.1303405761719,88.40975189208984,0.6939283013343811,Bh1XDgX1PfhlrhBe37npKQ,,33.99096055920911,-81.00798921435904,,,,100 S King St,,Columbia; South Carolina,US,88.31535339355469,2,184.8063812255859,7Obu4ZOJs_ARtiXOI5Axwg,,S King St,3.896337985992432,5Oiof7qjTnhmDjeZs_jfrg,,King St
16384,8192,512,512,2022-2,1,spherical,184.4836730957031,89.50674438476562,0.9355685114860535,7Obu4ZOJs_ARtiXOI5Axwg,,33.99086855316635,-81.00800430226498,,,,100 S King St,,Columbia; South Carolina,US,87.74005126953125,2,184.8136291503906,mWLbOtavd9vGr2GoSBqznQ,,S King St,4.806388854980469,Bh1XDgX1PfhlrhBe37npKQ,,S King St
16384,8192,512,512,2022-2,1,spherical,184.9420776367188,89.58152770996094,0.8736878633499146,mWLbOtavd9vGr2GoSBqznQ,,33.99077315214112,-81.00801450135059,,,,100 S King St,,Columbia; South Carolina,US,87.72303771972656,2,184.7368927001953,ykd_qRe_f_WzRR2M4m5WOA,,S King St,4.813624858856201,7Obu4ZOJs_ARtiXOI5Axwg,,S King St
16384,8192,512,512,2022-2,1,spherical,4.689493656158447,89.20379638671875,0.1356650441884995,ykd_qRe_f_WzRR2M4m5WOA,,33.99073648464647,-81.00798719139937,,,,100 S King St,,Columbia; South Carolina,US,87.74014282226562,2,4.736897945404053,mWLbOtavd9vGr2GoSBqznQ,,S King St,184.8002471923828,Buu-4h1mh3-JTNfv9bNNcg,,S King St
16384,8192,512,512,2022-2,1,spherical,5.092532634735107,88.99996948242188,359.3268127441406,Buu-4h1mh3-JTNfv9bNNcg,,33.99065249828596,-81.0079966318774,,,,100 S King St,,Columbia; South Carolina,US,87.8158187866211,2,4.800247192382812,ykd_qRe_f_WzRR2M4m5WOA,,S King St,184.8111267089844,7KSL9eNW3zw8FvfgrXRgBA,,S King St
16384,8192,512,512,2022-2,1,spherical,75.74742126464844,90.76443481445312,1.378535628318787,jTeTSEX-07vJk55JssggjA,,33.99099977959495,-81.00804788016701,,,,2598 Heyward St,,Columbia; South Carolina,US,88.62620544433594,2,67.37777709960938,5Oiof7qjTnhmDjeZs_jfrg,,King St,274.6437072753906,PIeppJuantmYsgKZloEzyA,,Heyward St
16384,8192,512,512,2022-2,1,spherical,94.40657043457031,89.13309478759766,1.303942799568176,PIeppJuantmYsgKZloEzyA,,33.99099980473479,-81.00818965568953,,,,2532 Heyward St,,Columbia; South Carolina,US,88.62494659423828,2,94.64372253417969,jTeTSEX-07vJk55JssggjA,,Heyward St,274.589599609375,U5chcSatef1kOwUDeDoxNg,,Heyward St
16384,8192,512,512,2022-2,1,spherical,94.91936492919922,89.00277709960938,1.487336039543152,U5chcSatef1kOwUDeDoxNg,,33.99100714732022,-81.00828861181887,,,,2532 Heyward St,,Columbia; South Carolina,US,88.68805694580078,2,94.58961486816406,PIeppJuantmYsgKZloEzyA,,Heyward St,274.6532897949219,tMoVa1Kqa3d_N1jgntT8gQ,,Heyward St
16384,8192,512,512,2022-2,1,spherical,94.47793579101562,88.87733459472656,1.319974780082703,tMoVa1Kqa3d_N1jgntT8gQ,,33.9910146134636,-81.00838925361528,,,,2528 Heyward St,,Columbia; South Carolina,US,88.76384735107422,2,94.65328979492188,U5chcSatef1kOwUDeDoxNg,,Heyward St,274.6073608398438,otDmO35LUnhkHnhS4sN91Q,,Heyward St
16384,8192,512,512,2022-2,1,spherical,94.26823425292969,89.10930633544922,1.451380848884583,otDmO35LUnhkHnhS4sN91Q,,33.99102162734721,-81.0084929297035,,,,2528 Heyward St,,Columbia; South Carolina,US,88.82049560546875,2,94.60736846923828,tMoVa1Kqa3d_N1jgntT8gQ,,Heyward St,274.6152038574219,qNlQUeUiT_t6isUrKjMzVQ,,Heyward St
16384,8192,512,512,2022-2,1,spherical,94.255126953125,89.14164733886719,1.750300765037537,qNlQUeUiT_t6isUrKjMzVQ,,33.99102841504727,-81.0085981228635,,,,2524 Heyward St,,Columbia; South Carolina,US,88.86859130859375,2,94.6152114868164,otDmO35LUnhkHnhS4sN91Q,,Heyward St,274.6151428222656,o3P41CUyZ3ubfEAPvJQ56Q,,Heyward St
16384,8192,512,512,2022-2,1,spherical,94.31832885742188,89.09281158447266,2.046743392944336,o3P41CUyZ3ubfEAPvJQ56Q,,33.99103545566967,-81.00870331588328,,,,2524 Heyward St,,Columbia; South Carolina,US,88.92273712158203,2,94.61515808105469,qNlQUeUiT_t6isUrKjMzVQ,,Heyward St,274.6168518066406,Dc5beH4ox4r7SMCZ_6oW6Q,,Heyward St
16384,8192,512,512,2022-2,1,spherical,94.29951477050781,89.15846252441406,1.812419891357422,Dc5beH4ox4r7SMCZ_6oW6Q,,33.99104262380632,-81.00880909878656,,,,2520 Heyward St,,Columbia; South Carolina,US,88.78073120117188,2,94.61685180664062,o3P41CUyZ3ubfEAPvJQ56Q,,Heyward St,274.6418762207031,5V90tJUKxLYBF1HdoLGHSg,,Heyward St
16384,8192,512,512,2022-2,1,spherical,94.54965209960938,89.11253356933594,1.538783431053162,5V90tJUKxLYBF1HdoLGHSg,,33.99105544137281,-81.00892061319958,,,,2517 Heyward St,,Columbia; South Carolina,US,88.43070983886719,2,94.64187622070312,Dc5beH4ox4r7SMCZ_6oW6Q,,Heyward St,274.6184692382812,XWAZV20Qhq59n705v643mg,,Heyward St
16384,8192,512,512,2022-2,1,spherical,94.71271514892578,88.989501953125,1.39422881603241,XWAZV20Qhq59n705v643mg,,33.9910630433697,-81.00902656438929,,,,2516 Heyward St,,Columbia; South Carolina,US,88.51252746582031,2,94.61846923828125,5V90tJUKxLYBF1HdoLGHSg,,Heyward St,274.6156311035156,P0nuXILpvhrkp_1kD5vXJw,,Heyward St
16384,8192,512,512,2022-2,1,spherical,94.37313079833984,89.1094970703125,1.438844561576843,P0nuXILpvhrkp_1kD5vXJw,,33.99107051764996,-81.00913192541537,,,,2511 Heyward St,,Columbia; South Carolina,US,88.5261459350586,2,94.61561584472656,XWAZV20Qhq59n705v643mg,,Heyward St,274.6185607910156,O9QVQVBua0e63hsZrsxt_g,,Heyward St
16384,8192,512,512,2022-2,1,spherical,93.73804473876953,89.20982360839844,1.978822112083435,O9QVQVBua0e63hsZrsxt_g,,33.99108058629291,-81.00929106244241,,,,2512 Heyward St,,Columbia; South Carolina,US,88.57763671875,2,94.61856842041016,P0nuXILpvhrkp_1kD5vXJw,,Heyward St,274.6140441894531,pvARVBZcIxYeaECv9vECVg,,Heyward St
16384,8192,512,512,2022-2,1,spherical,93.63396453857422,89.20039367675781,1.815760493278503,pvARVBZcIxYeaECv9vECVg,,33.99108669231229,-81.00939617024983,,,,2508 Heyward St,,Columbia; South Carolina,US,88.61817932128906,2,94.61405181884766,O9QVQVBua0e63hsZrsxt_g,,Heyward St,274.6161193847656,Plu0yAjMAqAJ0rZXUuZofw,,Heyward St
16384,8192,512,512,2022-2,1,spherical,93.53836822509766,89.07476043701172,2.023482322692871,Plu0yAjMAqAJ0rZXUuZofw,,33.9910925884769,-81.0095018679358,,,,2508 Heyward St,,Columbia; South Carolina,US,88.67897033691406,2,94.6161117553711,pvARVBZcIxYeaECv9vECVg,,Heyward St,274.6202087402344,PYsYSe5XFwu1heKlKLqHMw,,Heyward St
16384,8192,512,512,2022-2,1,spherical,93.34935760498047,89.15472412109375,1.745002508163452,PYsYSe5XFwu1heKlKLqHMw,,33.99109855253467,-81.00960849265098,,,,2501 Heyward St,,Columbia; South Carolina,US,88.73667907714844,2,94.6202163696289,Plu0yAjMAqAJ0rZXUuZofw,,Heyward St,274.6159973144531,DU7TvUM9kxficfWKx-DP6Q,,Heyward St
16384,8192,512,512,2022-2,1,spherical,93.77410125732422,89.24301147460938,1.88748836517334,DU7TvUM9kxficfWKx-DP6Q,,33.9911046953358,-81.00971410576437,,,,2504 Heyward St,,Columbia; South Carolina,US,88.76538848876953,2,94.6159896850586,PYsYSe5XFwu1heKlKLqHMw,,Heyward St,274.6228332519531,1qW-D8Y0X-VqApGb-QfbcQ,,Heyward St
16384,8192,512,512,2022-2,1,spherical,94.32064056396484,89.2256088256836,1.739722371101379,1qW-D8Y0X-VqApGb-QfbcQ,,33.99111171455085,-81.00982132020893,,,,2500 Heyward St,,Columbia; South Carolina,US,88.82572937011719,2,94.62283325195312,DU7TvUM9kxficfWKx-DP6Q,,Heyward St,274.6274719238281,S6VvURx_l3uEgRQ4y0ukKA,,Heyward St
16384,8192,512,512,2022-2,1,spherical,94.99122619628906,89.42688751220703,1.786410808563232,S6VvURx_l3uEgRQ4y0ukKA,,33.99111941058673,-81.00992971453854,,,,2500 Heyward St,,Columbia; South Carolina,US,88.84026336669922,2,94.62747192382812,1qW-D8Y0X-VqApGb-QfbcQ,,Heyward St,274.63330078125,FHlzZb99FG0nOvgbM2-f5A,,Heyward St
16384,8192,512,512,2022-2,1,spherical,95.51122283935547,88.88074493408203,0.9560626149177551,FHlzZb99FG0nOvgbM2-f5A,,33.9911284705333,-81.01003945732397,,,,2500 Heyward St,,Columbia; South Carolina,US,88.94279479980469,2,94.63330841064453,S6VvURx_l3uEgRQ4y0ukKA,,Heyward St,247.5660247802734,lry5yW3Iu9et_r3VogtYsg,,S Queen St
16384,8192,512,512,2022-2,1,spherical,179.9167938232422,89.19035339355469,359.8190612792969,lry5yW3Iu9et_r3VogtYsg,,33.99112626053356,-81.01010478033805,,,,101 S Queen St,,Columbia; South Carolina,US,88.92818450927734,4,185.0144958496094,6ZabGjzNWmSYi4RXVphdGA,,S Queen St,4.599509239196777,3KcssIfHMS2dkud-EWFGvw,,Queen St,67.56602478027344|FHlzZb99FG0nOvgbM2-f5A||Heyward St|293.1367797851562|Pnapdk6CghdINLKGMX1fAw||Heyward St
16384,8192,512,512,2022-2,1,spherical,95.90617370605469,90.55569458007812,0.7078953981399536,Pnapdk6CghdINLKGMX1fAw,,33.9911382770803,-81.01014903138137,,,,2498 Heyward St,,Columbia; South Carolina,US,88.89192199707031,2,113.1367797851562,lry5yW3Iu9et_r3VogtYsg,,S Queen St,275.5360717773438,B-YiOlc-JPoHnCiEnmNAhw,,Heyward St
16384,8192,512,512,2022-2,1,spherical,97.9058837890625,90.21465301513672,1.600433349609375,B-YiOlc-JPoHnCiEnmNAhw,,33.99114896581487,-81.0102568352478,,,,2430 Heyward St,,Columbia; South Carolina,US,88.71923065185547,2,95.53605651855469,Pnapdk6CghdINLKGMX1fAw,,Heyward St,275.6076049804688,Lkyoz7DWpjOA4S-lSH3BTg,,Heyward St
16384,8192,512,512,2022-2,1,spherical,100.4305038452148,90.05278778076172,0.2184714078903198,Lkyoz7DWpjOA4S-lSH3BTg,,33.99115873247839,-81.01036126746892,,,,2437 Heyward St,,Columbia; South Carolina,US,89.38805389404297,2,95.60759735107422,B-YiOlc-JPoHnCiEnmNAhw,,Heyward St,275.5340576171875,X4xD4d5AdnS5w7ozZHwFLA,,Heyward St
16384,8192,512,512,2022-2,1,spherical,99.7049789428711,90.15316772460938,358.6781005859375,X4xD4d5AdnS5w7ozZHwFLA,,33.99117606543267,-81.01046881818333,,,,2426 Heyward St,,Columbia; South Carolina,US,89.29364013671875,2,95.53407287597656,Lkyoz7DWpjOA4S-lSH3BTg,,Heyward St,275.597412109375,aD3dnKhFEC-_U5q4N9nFIg,,Heyward St
16384,8192,512,512,2022-2,1,spherical,180.5489349365234,88.49283599853516,359.5671081542969,6ZabGjzNWmSYi4RXVphdGA,,33.9910299797105,-81.0101052860644,,,,101 S Queen St,,Columbia; South Carolina,US,88.82646179199219,2,185.0005645751953,LecD4Sud6v5wRH-nS3IldA,,S Queen St,5.014500141143799,lry5yW3Iu9et_r3VogtYsg,,S Queen St
16384,8192,512,512,2022-2,1,spherical,181.5748291015625,88.32988739013672,359.5622863769531,LecD4Sud6v5wRH-nS3IldA,,33.99093517765527,-81.01010410603625,,,,101 S Queen St,,Columbia; South Carolina,US,89.35865020751953,2,185.0208435058594,L9Jp_XEhrMmgm35YhruiRQ,,S Queen St,5.000571727752686,6ZabGjzNWmSYi4RXVphdGA,,S Queen St
16384,8192,512,512,2022-2,1,spherical,183.5815124511719,88.69859313964844,359.5889282226562,L9Jp_XEhrMmgm35YhruiRQ,,33.99085135745747,-81.01011236623296,,,,100 S Queen St,,Columbia; South Carolina,US,88.91027069091797,2,185.0233154296875,HkX4nzLQ1XWyjEprr4nFXA,,S Queen St,5.020843505859375,LecD4Sud6v5wRH-nS3IldA,,S Queen St
16384,8192,512,512,2022-2,1,spherical,186.1970672607422,88.26805114746094,359.5799255371094,HkX4nzLQ1XWyjEprr4nFXA,,33.99076391885961,-81.01012189074441,,,,100 S Queen St,,Columbia; South Carolina,US,88.75554656982422,2,185.0111846923828,Ut-3J0rBa-5fomp0KKOvRw,,S Queen St,5.023319244384766,L9Jp_XEhrMmgm35YhruiRQ,,S Queen St
16384,8192,512,512,2022-2,1,spherical,180.7451629638672,89.83612060546875,0.05745083093643188,3KcssIfHMS2dkud-EWFGvw,,33.99117760587798,-81.01010452747487,,,,101 Queen St,,Columbia; South Carolina,US,88.96662139892578,2,184.5995025634766,lry5yW3Iu9et_r3VogtYsg,,S Queen St,4.367193698883057,64nVR_sX79QOPrzaB4geGA,,Queen St
16384,8192,512,512,2022-2,1,spherical,186.7755889892578,89.05724334716797,0.2077184915542603,64nVR_sX79QOPrzaB4geGA,,33.99128476576601,-81.01009711015469,,,,101 Queen St,,Columbia; South Carolina,US,89.01249694824219,2,184.3671875,3KcssIfHMS2dkud-EWFGvw,,Queen St,4.360661506652832,wccJ8OQ4GUVc_wiXBd8FgA,,Queen St
16384,8192,512,512,2022-2,1,spherical,189.2616729736328,89.07674407958984,359.0524291992188,wccJ8OQ4GUVc_wiXBd8FgA,,33.99140468115712,-81.01006811516906,,,,103 Queen St,,Columbia; South Carolina,US,89.10879516601562,2,184.3606567382812,64nVR_sX79QOPrzaB4geGA,,Queen St,4.336567401885986,skKFC4dwbevwx7Jid_sn9g,,Queen St
16384,8192,512,512,2022-2,1,spherical,184.1678009033203,89.89664459228516,359.6748962402344,iwIR7ReTsovIl2NEO1n1jA,,33.99095257082229,-81.00629943493105,,,,101 Woodrow St,,Columbia; South Carolina,US,89.12603759765625,2,184.4806518554688,znuYMYuRAnWodO_nKEcpAw,,S Woodrow St,4.47554349899292,kC_WDnM37rYXWVuZEQoTWQ,,Woodrow St
16384,8192,512,512,2022-2,1,spherical,184.1481170654297,89.81700897216797,1.266669631004333,kC_WDnM37rYXWVuZEQoTWQ,,33.99104127563199,-81.00629109004339,,,,101 Woodrow St,,Columbia; South Carolina,US,89.02079010009766,2,184.4755401611328,iwIR7ReTsovIl2NEO1n1jA,,Woodrow St,4.490814685821533,SQUhdoa-M1lx7seRSAG7LQ,,Woodrow St
16384,8192,512,512,2022-2,1,spherical,2.533683300018311,89.68054962158203,359.927490234375,SQUhdoa-M1lx7seRSAG7LQ,,33.99113640014829,-81.00625299014095,,,,100 Woodrow St,,Columbia; South Carolina,US,89.04485321044922,2,4.495994091033936,VAEV-pBaIoOc-a5y37GYWw,,Woodrow St,184.4908142089844,kC_WDnM37rYXWVuZEQoTWQ,,Woodrow St