{"data": [{"ec5_uuid":"6faee90f-384a-457d-b2d1-fee8953bafe6","created_at":"2024-08-03T15:15:07.000Z","uploaded_at":"2024-08-03T15:27:12.000Z","created_by":"gladcolor@gmail.com","title":"6faee90f-384a-457d-b2d1-fee8953bafe6","1_Tree_diameter_ftin":"3-3","2_Location":{"latitude":33.991176,"longitude":-81.009903,"accuracy":3,"UTM_Northing":3761177,"UTM_Easting":499085,"UTM_Zone":"17S"},"3_Date":"2024/08/03","4_Time":"11:14:55","5_Photo":"6faee90f-384a-457d-b2d1-fee8953bafe6_1722698104.jpg","6_Video":""},{"ec5_uuid":"f4e9ae46-5436-4550-b0ea-c12b80ec3947","created_at":"2024-08-03T15:13:59.000Z","uploaded_at":"2024-08-03T15:27:07.000Z","created_by":"gladcolor@gmail.com","title":"f4e9ae46-5436-4550-b0ea-c12b80ec3947","1_Tree_diameter_ftin":"1-11","2_Location":{"latitude":33.991076,"longitude":-81.009721,"accuracy":3,"UTM_Northing":3761166,"UTM_Easting":499102,"UTM_Zone":"17S"},"3_Date":"2024/08/03","4_Time":"11:13:47","5_Photo":"f4e9ae46-5436-4550-b0ea-c12b80ec3947_1722698037.jpg","6_Video":""},{"ec5_uuid":"189b47b6-fe34-4d3f-865f-f5958b7422e2","created_at":"2024-08-03T15:13:12.000Z","uploaded_at":"2024-08-03T15:27:03.000Z","created_by":"gladcolor@gmail.com","title":"189b47b6-fe34-4d3f-865f-f5958b7422e2","1_Tree_diameter_ftin":"1-9","2_Location":{"latitude":33.991074,"longitude":-81.009616,"accuracy":2,"UTM_Northing":3761166,"UTM_Easting":499111,"UTM_Zone":"17S"},"3_Date":"2024/08/03","4_Time":"11:12:59","5_Photo":"189b47b6-fe34-4d3f-865f-f5958b7422e2_1722697989.jpg","6_Video":""},{"ec5_uuid":"4e91d6d3-e0f1-47eb-bc97-8836cbc89aab","created_at":"2024-08-03T15:12:23.000Z","uploaded_at":"2024-08-03T15:26:57.000Z","created_by":"gladcolor@gmail.com","title":"4e91d6d3-e0f1-47eb-bc97-8836cbc89aab","1_Tree_diameter_ftin":"3-1","2_Location":{"latitude":33.991031,"longitude":-81.009415,"accuracy":3,"UTM_Northing":3761161,"UTM_Easting":499130,"UTM_Zone":"17S"},"3_Date":"2024/08/03","4_Time":"11:12:13","5_Photo":"4e91d6d3-e0f1-47eb-bc97-8836cbc89aab_1722697940.jpg","6_Video":""},{"ec5_uuid":"21179720-ae03-4a12-b751-ae49278b1dc9","created_at":"2024-08-03T15:10:43.000Z","uploaded_at":"2024-08-03T15:26:52.000Z","created_by":"gladcolor@gmail.com","title":"21179720-ae03-4a12-b751-ae49278b1dc9","1_Tree_diameter_ftin":"7-0","2_Location":{"latitude":33.990955,"longitude":-81.008814,"accuracy":3,"UTM_Northing":3761153,"UTM_Easting":499185,"UTM_Zone":"17S"},"3_Date":"2024/08/03","4_Time":"11:10:29","5_Photo":"21179720-ae03-4a12-b751-ae49278b1dc9_1722697840.jpg","6_Video":""},{"ec5_uuid":"acddebd5-fab4-48b4-8a29-89a8317a3517","created_at":"2024-08-03T15:09:29.000Z","uploaded_at":"2024-08-03T15:26:47.000Z","created_by":"gladcolor@gmail.com","title":"acddebd5-fab4-48b4-8a29-89a8317a3517","1_Tree_diameter_ftin":"2-2","2_Location":{"latitude":33.990999,"longitude":-81.008578,"accuracy":2,"UTM_Northing":3761157,"UTM_Easting":499207,"UTM_Zone":"17S"},"3_Date":"2024/08/03","4_Time":"11:09:19","5_Photo":"acddebd5-fab4-48b4-8a29-89a8317a3517_1722697766.jpg","6_Video":""},{"ec5_uuid":"5b4c0d18-3f02-42d2-86ad-9dcadf6d6b3a","created_at":"2024-08-03T15:08:25.000Z","uploaded_at":"2024-08-03T15:26:42.000Z","created_by":"gladcolor@gmail.com","title":"5b4c0d18-3f02-42d2-86ad-9dcadf6d6b3a","1_Tree_diameter_ftin":"3-0","2_Location":{"latitude":33.991033,"longitude":-81.008337,"accuracy":2,"UTM_Northing":3761161,"UTM_Easting":499230,"UTM_Zone":"17S"},"3_Date":"2024/08/03","4_Time":"11:08:13","5_Photo":"5b4c0d18-3f02-42d2-86ad-9dcadf6d6b3a_1722697701.jpg","6_Video":""},{"ec5_uuid":"df52eb7b-0a65-4500-bc0d-fe48193fd155","created_at":"2024-08-03T15:07:39.000Z","uploaded_at":"2024-08-03T15:26:37.000Z","created_by":"gladcolor@gmail.com","title":"df52eb7b-0a65-4500-bc0d-fe48193fd155","1_Tree_diameter_ftin":"2-3","2_Location":{"latitude":33.990992,"longitude":-81.008257,"accuracy":3,"UTM_Northing":3761157,"UTM_Easting":499237,"UTM_Zone":"17S"},"3_Date":"2024/08/03","4_Time":"11:07:28","5_Photo":"df52eb7b-0a65-4500-bc0d-fe48193fd155_1722697656.jpg","6_Video":""},{"ec5_uuid":"7032fe07-1af3-4962-b1ec-953c1a9b7461","created_at":"2024-08-03T15:06:43.000Z","uploaded_at":"2024-08-03T15:26:32.000Z","created_by":"gladcolor@gmail.com","title":"7032fe07-1af3-4962-b1ec-953c1a9b7461","1_Tree_diameter_ftin":"1-9","2_Location":{"latitude":33.990913,"longitude":-81.008094,"accuracy":3,"UTM_Northing":3761148,"UTM_Easting":499252,"UTM_Zone":"17S"},"3_Date":"2024/08/03","4_Time":"11:06:32","5_Photo":"7032fe07-1af3-4962-b1ec-953c1a9b7461_1722697600.jpg","6_Video":""},{"ec5_uuid":"2c9638d6-5d15-49e2-bbb3-643828ecb646","created_at":"2024-08-03T15:05:36.000Z","uploaded_at":"2024-08-03T15:26:27.000Z","created_by":"gladcolor@gmail.com","title":"2c9638d6-5d15-49e2-bbb3-643828ecb646","1_Tree_diameter_ftin":"2-9","2_Location":{"latitude":33.990926,"longitude":-81.007818,"accuracy":3,"UTM_Northing":3761149,"UTM_Easting":499277,"UTM_Zone":"17S"},"3_Date":"2024/08/03","4_Time":"11:05:24","5_Photo":"2c9638d6-5d15-49e2-bbb3-643828ecb646_1722697532.jpg","6_Video":""},{"ec5_uuid":"52333378-0503-453f-b5fd-2d1fddd8fc38","created_at":"2024-08-03T15:04:48.000Z","uploaded_at":"2024-08-03T15:26:22.000Z","created_by":"gladcolor@gmail.com","title":"52333378-0503-453f-b5fd-2d1fddd8fc38","1_Tree_diameter_ftin":"3-0","2_Location":{"latitude":33.990966,"longitude":-81.007859,"accuracy":3,"UTM_Northing":3761154,"UTM_Easting":499274,"UTM_Zone":"17S"},"3_Date":"2024/08/03","4_Time":"11:04:37","5_Photo":"52333378-0503-453f-b5fd-2d1fddd8fc38_1722697485.jpg","6_Video":""},{"ec5_uuid":"e2212ee8-e4e4-427c-8d36-1d107c89200b","created_at":"2024-08-03T15:03:59.000Z","uploaded_at":"2024-08-03T15:26:17.000Z","created_by":"gladcolor@gmail.com","title":"e2212ee8-e4e4-427c-8d36-1d107c89200b","1_Tree_diameter_ftin":"2-7","2_Location":{"latitude":33.990967,"longitude":-81.007711,"accuracy":3,"UTM_Northing":3761154,"UTM_Easting":499287,"UTM_Zone":"17S"},"3_Date":"2024/08/03","4_Time":"11:03:47","5_Photo":"e2212ee8-e4e4-427c-8d36-1d107c89200b_1722697435.jpg","6_Video":""},{"ec5_uuid":"c7deac92-a11d-40b0-810c-431b04cd0584","created_at":"2024-08-03T15:02:28.000Z","uploaded_at":"2024-08-03T15:26:12.000Z","created_by":"gladcolor@gmail.com","title":"c7deac92-a11d-40b0-810c-431b04cd0584","1_Tree_diameter_ftin":"4-8","2_Location":{"latitude":33.990929,"longitude":-81.007631,"accuracy":3,"UTM_Northing":3761150,"UTM_Easting":499295,"UTM_Zone":"17S"},"3_Date":"2024/08/03","4_Time":"11:02:17","5_Photo":"c7deac92-a11d-40b0-810c-431b04cd0584_1722697345.jpg","6_Video":""},{"ec5_uuid":"a5f582b8-e105-4d9d-87ae-87642bf8cc32","created_at":"2024-08-03T15:01:24.000Z","uploaded_at":"2024-08-03T15:26:07.000Z","created_by":"gladcolor@gmail.com","title":"a5f582b8-e105-4d9d-87ae-87642bf8cc32","1_Tree_diameter_ftin":"2-8","2_Location":{"latitude":33.990885,"longitude":-81.00739,"accuracy":2,"UTM_Northing":3761145,"UTM_Easting":499317,"UTM_Zone":"17S"},"3_Date":"2024/08/03","4_Time":"11:01:12","5_Photo":"a5f582b8-e105-4d9d-87ae-87642bf8cc32_1722697280.jpg","6_Video":""},{"ec5_uuid":"1a9cb424-9e4c-44ee-81b8-1f25dffbe4db","created_at":"2024-08-03T15:00:28.000Z","uploaded_at":"2024-08-03T15:26:02.000Z","created_by":"gladcolor@gmail.com","title":"1a9cb424-9e4c-44ee-81b8-1f25dffbe4db","1_Tree_diameter_ftin":"3-4","2_Location":{"latitude":33.990947,"longitude":-81.007316,"accuracy":2,"UTM_Northing":3761152,"UTM_Easting":499324,"UTM_Zone":"17S"},"3_Date":"2024/08/03","4_Time":"11:00:16","5_Photo":"1a9cb424-9e4c-44ee-81b8-1f25dffbe4db_1722697225.jpg","6_Video":""},{"ec5_uuid":"e8d995e2-57f3-440f-81ae-d2bc4dcbb837","created_at":"2024-08-03T14:58:51.000Z","uploaded_at":"2024-08-03T15:25:57.000Z","created_by":"gladcolor@gmail.com","title":"e8d995e2-57f3-440f-81ae-d2bc4dcbb837","1_Tree_diameter_ftin":"0-11","2_Location":{"latitude":33.990874,"longitude":-81.006573,"accuracy":2,"UTM_Northing":3761144,"UTM_Easting":499392,"UTM_Zone":"17S"},"3_Date":"2024/08/03","4_Time":"10:58:41","5_Photo":"e8d995e2-57f3-440f-81ae-d2bc4dcbb837_1722697128.jpg","6_Video":""},{"ec5_uuid":"0098b152-a69e-4210-ad6f-da5ae53505be","created_at":"2024-08-03T14:58:03.000Z","uploaded_at":"2024-08-03T15:25:52.000Z","created_by":"gladcolor@gmail.com","title":"0098b152-a69e-4210-ad6f-da5ae53505be","1_Tree_diameter_ftin":"3-10","2_Location":{"latitude":33.990828,"longitude":-81.006499,"accuracy":2,"UTM_Northing":3761139,"UTM_Easting":499399,"UTM_Zone":"17S"},"3_Date":"2024/08/03","4_Time":"10:57:50","5_Photo":"0098b152-a69e-4210-ad6f-da5ae53505be_1722697079.jpg","6_Video":""},{"ec5_uuid":"dfa7079d-5731-4364-819d-04447e32bfd0","created_at":"2024-08-03T14:56:28.000Z","uploaded_at":"2024-08-03T15:25:47.000Z","created_by":"gladcolor@gmail.com","title":"dfa7079d-5731-4364-819d-04447e32bfd0","1_Tree_diameter_ftin":"3-0","2_Location":{"latitude":33.990825,"longitude":-81.006063,"accuracy":2,"UTM_Northing":3761138,"UTM_Easting":499440,"UTM_Zone":"17S"},"3_Date":"2024/08/03","4_Time":"10:56:15","5_Photo":"dfa7079d-5731-4364-819d-04447e32bfd0_1722696984.jpg","6_Video":""},{"ec5_uuid":"6982fae4-ddcc-481a-bde8-fd754128e818","created_at":"2024-08-03T14:55:43.000Z","uploaded_at":"2024-08-03T15:25:42.000Z","created_by":"gladcolor@gmail.com","title":"6982fae4-ddcc-481a-bde8-fd754128e818","1_Tree_diameter_ftin":"1-7","2_Location":{"latitude":33.990882,"longitude":-81.005879,"accuracy":3,"UTM_Northing":3761145,"UTM_Easting":499457,"UTM_Zone":"17S"},"3_Date":"2024/08/03","4_Time":"10:55:18","5_Photo":"6982fae4-ddcc-481a-bde8-fd754128e818_1722696925.jpg","6_Video":""},{"ec5_uuid":"5ca4ccf6-ff58-4ad1-ac43-d5440dc41684","created_at":"2024-08-03T14:54:40.000Z","uploaded_at":"2024-08-03T15:25:37.000Z","created_by":"gladcolor@gmail.com","title":"5ca4ccf6-ff58-4ad1-ac43-d5440dc41684","1_Tree_diameter_ftin":"6-2","2_Location":{"latitude":33.990713,"longitude":-81.00571,"accuracy":5,"UTM_Northing":3761126,"UTM_Easting":499472,"UTM_Zone":"17S"},"3_Date":"2024/08/03","4_Time":"10:53:45","5_Photo":"5ca4ccf6-ff58-4ad1-ac43-d5440dc41684_1722696845.jpg","6_Video":""},{"ec5_uuid":"68a78fe7-c24f-4f13-b023-68e5996cad60","created_at":"2024-08-03T14:52:46.000Z","uploaded_at":"2024-08-03T15:25:32.000Z","created_by":"gladcolor@gmail.com","title":"68a78fe7-c24f-4f13-b023-68e5996cad60","1_Tree_diameter_ftin":"1-9","2_Location":{"latitude":33.990811,"longitude":-81.005663,"accuracy":3,"UTM_Northing":3761137,"UTM_Easting":499476,"UTM_Zone":"17S"},"3_Date":"2024/08/03","4_Time":"10:52:38","5_Photo":"68a78fe7-c24f-4f13-b023-68e5996cad60_1722696763.jpg","6_Video":""},{"ec5_uuid":"0d1177f7-d010-4ed8-b6af-f49b636863fd","created_at":"2024-08-03T14:51:41.000Z","uploaded_at":"2024-08-03T15:25:27.000Z","created_by":"gladcolor@gmail.com","title":"0d1177f7-d010-4ed8-b6af-f49b636863fd","1_Tree_diameter_ftin":"6-0","2_Location":{"latitude":33.990873,"longitude":-81.005612,"accuracy":3,"UTM_Northing":3761144,"UTM_Easting":499481,"UTM_Zone":"17S"},"3_Date":"2024/08/03","4_Time":"10:51:26","5_Photo":"0d1177f7-d010-4ed8-b6af-f49b636863fd_1722696697.jpg","6_Video":""},{"ec5_uuid":"511fcbf4-9247-4a82-8584-1fa960b04a49","created_at":"2024-08-03T14:50:33.000Z","uploaded_at":"2024-08-03T15:25:22.000Z","created_by":"gladcolor@gmail.com","title":"511fcbf4-9247-4a82-8584-1fa960b04a49","1_Tree_diameter_ftin":"1-3","2_Location":{"latitude":33.990777,"longitude":-81.005347,"accuracy":3,"UTM_Northing":3761133,"UTM_Easting":499506,"UTM_Zone":"17S"},"3_Date":"2024/08/03","4_Time":"10:50:22","5_Photo":"511fcbf4-9247-4a82-8584-1fa960b04a49_1722696630.jpg","6_Video":""},{"ec5_uuid":"8776cc38-cff8-4472-a06e-15d5ae86fef6","created_at":"2024-08-03T14:49:51.000Z","uploaded_at":"2024-08-03T15:25:17.000Z","created_by":"gladcolor@gmail.com","title":"8776cc38-cff8-4472-a06e-15d5ae86fef6","1_Tree_diameter_ftin":"1-1","2_Location":{"latitude":33.99083,"longitude":-81.005099,"accuracy":3,"UTM_Northing":3761139,"UTM_Easting":499529,"UTM_Zone":"17S"},"3_Date":"2024/08/03","4_Time":"10:49:34","5_Photo":"8776cc38-cff8-4472-a06e-15d5ae86fef6_1722696581.jpg","6_Video":""},{"ec5_uuid":"e89b9ae4-479d-43e4-8afa-70bd7326d5de","created_at":"2024-08-03T14:48:51.000Z","uploaded_at":"2024-08-03T15:25:12.000Z","created_by":"gladcolor@gmail.com","title":"e89b9ae4-479d-43e4-8afa-70bd7326d5de","1_Tree_diameter_ftin":"4-9","2_Location":{"latitude":33.990735,"longitude":-81.004863,"accuracy":2,"UTM_Northing":3761128,"UTM_Easting":499550,"UTM_Zone":"17S"},"3_Date":"2024/08/03","4_Time":"10:48:41","5_Photo":"e89b9ae4-479d-43e4-8afa-70bd7326d5de_1722696527.jpg","6_Video":""},{"ec5_uuid":"26756b37-2680-44b9-a914-a879e6fe6611","created_at":"2024-08-03T14:47:50.000Z","uploaded_at":"2024-08-03T15:25:07.000Z","created_by":"gladcolor@gmail.com","title":"26756b37-2680-44b9-a914-a879e6fe6611","1_Tree_diameter_ftin":"5-10","2_Location":{"latitude":33.990739,"longitude":-81.004755,"accuracy":2,"UTM_Northing":3761129,"UTM_Easting":499560,"UTM_Zone":"17S"},"3_Date":"2024/08/03","4_Time":"10:47:37","5_Photo":"26756b37-2680-44b9-a914-a879e6fe6611_1722696466.jpg","6_Video":""},{"ec5_uuid":"d2908cdf-2a90-44e9-adde-32668f12e092","created_at":"2024-08-03T14:46:45.000Z","uploaded_at":"2024-08-03T15:25:02.000Z","created_by":"gladcolor@gmail.com","title":"d2908cdf-2a90-44e9-adde-32668f12e092","1_Tree_diameter_ftin":"6-7","2_Location":{"latitude":33.990731,"longitude":-81.004658,"accuracy":3,"UTM_Northing":3761128,"UTM_Easting":499569,"UTM_Zone":"17S"},"3_Date":"2024/08/03","4_Time":"10:46:32","5_Photo":"d2908cdf-2a90-44e9-adde-32668f12e092_1722696401.jpg","6_Video":""},{"ec5_uuid":"8f3e3b52-1060-44b3-bd07-fe602c582447","created_at":"2024-08-03T14:45:44.000Z","uploaded_at":"2024-08-03T15:24:57.000Z","created_by":"gladcolor@gmail.com","title":"8f3e3b52-1060-44b3-bd07-fe602c582447","1_Tree_diameter_ftin":"4-0","2_Location":{"latitude":33.99078,"longitude":-81.004511,"accuracy":3,"UTM_Northing":3761133,"UTM_Easting":499583,"UTM_Zone":"17S"},"3_Date":"2024/08/03","4_Time":"10:45:32","5_Photo":"8f3e3b52-1060-44b3-bd07-fe602c582447_1722696341.jpg","6_Video":""},{"ec5_uuid":"66396ffe-b5de-414a-b14b-d47c3349a9cc","created_at":"2024-08-03T14:44:57.000Z","uploaded_at":"2024-08-03T15:24:52.000Z","created_by":"gladcolor@gmail.com","title":"66396ffe-b5de-414a-b14b-d47c3349a9cc","1_Tree_diameter_ftin":"2-6","2_Location":{"latitude":33.990806,"longitude":-81.004474,"accuracy":3,"UTM_Northing":3761136,"UTM_Easting":499586,"UTM_Zone":"17S"},"3_Date":"2024/08/03","4_Time":"10:44:42","5_Photo":"66396ffe-b5de-414a-b14b-d47c3349a9cc_1722696290.jpg","6_Video":""},{"ec5_uuid":"e6d5759f-003d-4a38-beb3-274bd773a8f2","created_at":"2024-08-03T14:44:05.000Z","uploaded_at":"2024-08-03T15:24:47.000Z","created_by":"gladcolor@gmail.com","title":"e6d5759f-003d-4a38-beb3-274bd773a8f2","1_Tree_diameter_ftin":"2-5","2_Location":{"latitude":33.990652,"longitude":-81.004161,"accuracy":3,"UTM_Northing":3761119,"UTM_Easting":499615,"UTM_Zone":"17S"},"3_Date":"2024/08/03","4_Time":"10:43:53","5_Photo":"e6d5759f-003d-4a38-beb3-274bd773a8f2_1722696242.jpg","6_Video":""},{"ec5_uuid":"472f5b0b-9dd8-49f3-ac4e-72810bb1da4d","created_at":"2024-08-03T14:42:17.000Z","uploaded_at":"2024-08-03T15:24:42.000Z","created_by":"gladcolor@gmail.com","title":"472f5b0b-9dd8-49f3-ac4e-72810bb1da4d","1_Tree_diameter_ftin":"6-6","2_Location":{"latitude":33.990645,"longitude":-81.003859,"accuracy":3,"UTM_Northing":3761118,"UTM_Easting":499643,"UTM_Zone":"17S"},"3_Date":"2024/08/03","4_Time":"10:41:59","5_Photo":"472f5b0b-9dd8-49f3-ac4e-72810bb1da4d_1722696133.jpg","6_Video":""},{"ec5_uuid":"fd44a744-a61c-437b-9e72-999622f00534","created_at":"2024-08-03T14:40:49.000Z","uploaded_at":"2024-08-03T15:24:37.000Z","created_by":"gladcolor@gmail.com","title":"fd44a744-a61c-437b-9e72-999622f00534","1_Tree_diameter_ftin":"11-0","2_Location":{"latitude":33.990623,"longitude":-81.003693,"accuracy":3,"UTM_Northing":3761116,"UTM_Easting":499658,"UTM_Zone":"17S"},"3_Date":"2024/08/03","4_Time":"10:40:30","5_Photo":"fd44a744-a61c-437b-9e72-999622f00534_1722696042.jpg","6_Video":""},{"ec5_uuid":"793cb8c7-3d07-4298-8cc6-52ad00667d27","created_at":"2024-08-03T14:38:43.000Z","uploaded_at":"2024-08-03T15:24:32.000Z","created_by":"gladcolor@gmail.com","title":"793cb8c7-3d07-4298-8cc6-52ad00667d27","1_Tree_diameter_ftin":"8-8","2_Location":{"latitude":33.990657,"longitude":-81.003482,"accuracy":2,"UTM_Northing":3761120,"UTM_Easting":499678,"UTM_Zone":"17S"},"3_Date":"2024/08/03","4_Time":"10:38:25","5_Photo":"793cb8c7-3d07-4298-8cc6-52ad00667d27_1722695917.jpg","6_Video":""},{"ec5_uuid":"81f34878-b605-4b09-8b23-dd59418d3ab7","created_at":"2024-08-03T14:36:53.000Z","uploaded_at":"2024-08-03T15:24:27.000Z","created_by":"gladcolor@gmail.com","title":"81f34878-b605-4b09-8b23-dd59418d3ab7","1_Tree_diameter_ftin":"9-4","2_Location":{"latitude":33.990646,"longitude":-81.003129,"accuracy":3,"UTM_Northing":3761118,"UTM_Easting":499711,"UTM_Zone":"17S"},"3_Date":"2024/08/03","4_Time":"10:36:39","5_Photo":"81f34878-b605-4b09-8b23-dd59418d3ab7_1722695809.jpg","6_Video":""},{"ec5_uuid":"cd3b0080-009f-421f-a1f5-803b39d76005","created_at":"2024-08-03T14:35:31.000Z","uploaded_at":"2024-08-03T15:24:22.000Z","created_by":"gladcolor@gmail.com","title":"cd3b0080-009f-421f-a1f5-803b39d76005","1_Tree_diameter_ftin":"2-7","2_Location":{"latitude":33.990612,"longitude":-81.00295,"accuracy":2,"UTM_Northing":3761115,"UTM_Easting":499727,"UTM_Zone":"17S"},"3_Date":"2024/08/03","4_Time":"10:35:23","5_Photo":"cd3b0080-009f-421f-a1f5-803b39d76005_1722695727.jpg","6_Video":""},{"ec5_uuid":"944d1310-12a8-4b9e-8654-2057f9cb9559","created_at":"2024-08-03T14:34:29.000Z","uploaded_at":"2024-08-03T15:24:17.000Z","created_by":"gladcolor@gmail.com","title":"944d1310-12a8-4b9e-8654-2057f9cb9559","1_Tree_diameter_ftin":"10-3","2_Location":{"latitude":33.990573,"longitude":-81.002785,"accuracy":3,"UTM_Northing":3761110,"UTM_Easting":499742,"UTM_Zone":"17S"},"3_Date":"2024/08/03","4_Time":"10:34:19","5_Photo":"944d1310-12a8-4b9e-8654-2057f9cb9559_1722695664.jpg","6_Video":""},{"ec5_uuid":"13656415-7694-439b-a106-ffa883151b80","created_at":"2024-08-03T14:32:36.000Z","uploaded_at":"2024-08-03T15:24:12.000Z","created_by":"gladcolor@gmail.com","title":"13656415-7694-439b-a106-ffa883151b80","1_Tree_diameter_ftin":"8-10","2_Location":{"latitude":33.9906,"longitude":-81.002728,"accuracy":2,"UTM_Northing":3761113,"UTM_Easting":499748,"UTM_Zone":"17S"},"3_Date":"2024/08/03","4_Time":"10:32:28","5_Photo":"13656415-7694-439b-a106-ffa883151b80_1722695552.jpg","6_Video":""},{"ec5_uuid":"4d3df751-46eb-442c-947b-f6349a494884","created_at":"2024-08-03T14:31:17.000Z","uploaded_at":"2024-08-03T15:24:07.000Z","created_by":"gladcolor@gmail.com","title":"4d3df751-46eb-442c-947b-f6349a494884","1_Tree_diameter_ftin":"4-9","2_Location":{"latitude":33.990572,"longitude":-81.002507,"accuracy":2,"UTM_Northing":3761110,"UTM_Easting":499768,"UTM_Zone":"17S"},"3_Date":"2024/08/03","4_Time":"10:31:04","5_Photo":"4d3df751-46eb-442c-947b-f6349a494884_1722695472.jpg","6_Video":""},{"ec5_uuid":"8b6e0423-34a4-4f34-9fdd-a0c158dae682","created_at":"2024-08-03T14:30:10.000Z","uploaded_at":"2024-08-03T15:24:02.000Z","created_by":"gladcolor@gmail.com","title":"8b6e0423-34a4-4f34-9fdd-a0c158dae682","1_Tree_diameter_ftin":"3-6","2_Location":{"latitude":33.990527,"longitude":-81.00227,"accuracy":3,"UTM_Northing":3761105,"UTM_Easting":499790,"UTM_Zone":"17S"},"3_Date":"2024/08/03","4_Time":"10:30:01","5_Photo":"8b6e0423-34a4-4f34-9fdd-a0c158dae682_1722695407.jpg","6_Video":""},{"ec5_uuid":"0bab187c-05bd-4847-98e3-17bb49a0c53d","created_at":"2024-08-03T14:29:14.000Z","uploaded_at":"2024-08-03T15:23:57.000Z","created_by":"gladcolor@gmail.com","title":"0bab187c-05bd-4847-98e3-17bb49a0c53d","1_Tree_diameter_ftin":"7-4","2_Location":{"latitude":33.990505,"longitude":-81.002159,"accuracy":2,"UTM_Northing":3761103,"UTM_Easting":499800,"UTM_Zone":"17S"},"3_Date":"2024/08/03","4_Time":"10:28:54","5_Photo":"0bab187c-05bd-4847-98e3-17bb49a0c53d_1722695341.jpg","6_Video":""},{"ec5_uuid":"cb77b27f-4e4a-4591-b6e0-7311acf90b0c","created_at":"2024-08-03T14:27:26.000Z","uploaded_at":"2024-08-03T15:23:52.000Z","created_by":"gladcolor@gmail.com","title":"cb77b27f-4e4a-4591-b6e0-7311acf90b0c","1_Tree_diameter_ftin":"8-1","2_Location":{"latitude":33.990554,"longitude":-81.002114,"accuracy":2,"UTM_Northing":3761108,"UTM_Easting":499804,"UTM_Zone":"17S"},"3_Date":"2024/08/03","4_Time":"10:27:13","5_Photo":"cb77b27f-4e4a-4591-b6e0-7311acf90b0c_1722695243.jpg","6_Video":""},{"ec5_uuid":"8e523ff7-a1a7-47e6-852f-c5cb6b414325","created_at":"2024-08-03T14:25:44.000Z","uploaded_at":"2024-08-03T15:23:45.000Z","created_by":"gladcolor@gmail.com","title":"8e523ff7-a1a7-47e6-852f-c5cb6b414325","1_Tree_diameter_ftin":"1-6","2_Location":{"latitude":33.990546,"longitude":-81.001908,"accuracy":3,"UTM_Northing":3761107,"UTM_Easting":499823,"UTM_Zone":"17S"},"3_Date":"2024/08/03","4_Time":"10:25:31","5_Photo":"8e523ff7-a1a7-47e6-852f-c5cb6b414325_1722695139.jpg","6_Video":""},{"ec5_uuid":"7f8fda30-c591-45eb-a1cd-55fec90a9b42","created_at":"2024-08-03T14:24:39.000Z","uploaded_at":"2024-08-03T15:23:40.000Z","created_by":"gladcolor@gmail.com","title":"7f8fda30-c591-45eb-a1cd-55fec90a9b42","1_Tree_diameter_ftin":"6-1","2_Location":{"latitude":33.990693,"longitude":-81.001914,"accuracy":3,"UTM_Northing":3761124,"UTM_Easting":499823,"UTM_Zone":"17S"},"3_Date":"2024/08/03","4_Time":"10:24:26","5_Photo":"7f8fda30-c591-45eb-a1cd-55fec90a9b42_1722695075.jpg","6_Video":""},{"ec5_uuid":"135cbf18-d350-408e-96f6-119dbbad3350","created_at":"2024-08-03T14:23:37.000Z","uploaded_at":"2024-08-03T15:23:35.000Z","created_by":"gladcolor@gmail.com","title":"135cbf18-d350-408e-96f6-119dbbad3350","1_Tree_diameter_ftin":"5-7","2_Location":{"latitude":33.990694,"longitude":-81.002096,"accuracy":3,"UTM_Northing":3761124,"UTM_Easting":499806,"UTM_Zone":"17S"},"3_Date":"2024/08/03","4_Time":"10:23:22","5_Photo":"135cbf18-d350-408e-96f6-119dbbad3350_1722695009.jpg","6_Video":""},{"ec5_uuid":"f8486c22-4529-4bde-8c0a-8b60f065f4a8","created_at":"2024-08-03T14:22:17.000Z","uploaded_at":"2024-08-03T15:23:31.000Z","created_by":"gladcolor@gmail.com","title":"f8486c22-4529-4bde-8c0a-8b60f065f4a8","1_Tree_diameter_ftin":"3-8","2_Location":{"latitude":33.990677,"longitude":-81.002098,"accuracy":3,"UTM_Northing":3761122,"UTM_Easting":499806,"UTM_Zone":"17S"},"3_Date":"2024/08/03","4_Time":"10:22:03","5_Photo":"f8486c22-4529-4bde-8c0a-8b60f065f4a8_1722694932.jpg","6_Video":""},{"ec5_uuid":"b677f06f-86fb-43de-9761-e50a8408a9a2","created_at":"2024-08-03T14:21:04.000Z","uploaded_at":"2024-08-03T15:23:25.000Z","created_by":"gladcolor@gmail.com","title":"b677f06f-86fb-43de-9761-e50a8408a9a2","1_Tree_diameter_ftin":"6-10","2_Location":{"latitude":33.990754,"longitude":-81.002181,"accuracy":2,"UTM_Northing":3761130,"UTM_Easting":499798,"UTM_Zone":"17S"},"3_Date":"2024/08/03","4_Time":"10:20:49","5_Photo":"b677f06f-86fb-43de-9761-e50a8408a9a2_1722694860.jpg","6_Video":""},{"ec5_uuid":"e9a022d8-318c-4620-9a1d-edd6a493b918","created_at":"2024-08-03T14:19:49.000Z","uploaded_at":"2024-08-03T15:23:20.000Z","created_by":"gladcolor@gmail.com","title":"e9a022d8-318c-4620-9a1d-edd6a493b918","1_Tree_diameter_ftin":"7-2","2_Location":{"latitude":33.990659,"longitude":-81.002402,"accuracy":2,"UTM_Northing":3761120,"UTM_Easting":499778,"UTM_Zone":"17S"},"3_Date":"2024/08/03","4_Time":"10:19:38","5_Photo":"e9a022d8-318c-4620-9a1d-edd6a493b918_1722694786.jpg","6_Video":""},{"ec5_uuid":"97d9d70a-01e7-4b0b-be17-13b60131a938","created_at":"2024-08-03T14:18:42.000Z","uploaded_at":"2024-08-03T15:23:15.000Z","created_by":"gladcolor@gmail.com","title":"97d9d70a-01e7-4b0b-be17-13b60131a938","1_Tree_diameter_ftin":"6-5","2_Location":{"latitude":33.990794,"longitude":-81.002506,"accuracy":3,"UTM_Northing":3761135,"UTM_Easting":499768,"UTM_Zone":"17S"},"3_Date":"2024/08/03","4_Time":"10:18:30","5_Photo":"97d9d70a-01e7-4b0b-be17-13b60131a938_1722694716.jpg","6_Video":""},{"ec5_uuid":"05bae851-66a5-4f48-bc03-902322c2f564","created_at":"2024-08-03T14:17:20.000Z","uploaded_at":"2024-08-03T15:23:11.000Z","created_by":"gladcolor@gmail.com","title":"05bae851-66a5-4f48-bc03-902322c2f564","1_Tree_diameter_ftin":"3-6","2_Location":{"latitude":33.990633,"longitude":-81.00264,"accuracy":2,"UTM_Northing":3761117,"UTM_Easting":499756,"UTM_Zone":"17S"},"3_Date":"2024/08/03","4_Time":"10:17:08","5_Photo":"05bae851-66a5-4f48-bc03-902322c2f564_1722694636.jpg","6_Video":""},{"ec5_uuid":"b21f1b88-35df-438c-8f8a-ef85c144be5c","created_at":"2024-08-03T14:16:04.000Z","uploaded_at":"2024-08-03T15:23:09.000Z","created_by":"gladcolor@gmail.com","title":"b21f1b88-35df-438c-8f8a-ef85c144be5c","1_Tree_diameter_ftin":"5-2","2_Location":{"latitude":33.990721,"longitude":-81.002718,"accuracy":2,"UTM_Northing":3761127,"UTM_Easting":499748,"UTM_Zone":"17S"},"3_Date":"2024/08/03","4_Time":"10:15:50","5_Photo":"b21f1b88-35df-438c-8f8a-ef85c144be5c_1722694559.jpg","6_Video":""},{"ec5_uuid":"88a1cc60-2e26-4c3f-88f9-db566472b15c","created_at":"2024-08-03T14:14:51.000Z","uploaded_at":"2024-08-03T15:23:07.000Z","created_by":"gladcolor@gmail.com","title":"88a1cc60-2e26-4c3f-88f9-db566472b15c","1_Tree_diameter_ftin":"3-6","2_Location":{"latitude":33.990671,"longitude":-81.002869,"accuracy":3,"UTM_Northing":3761121,"UTM_Easting":499735,"UTM_Zone":"17S"},"3_Date":"2024/08/03","4_Time":"10:14:37","5_Photo":"88a1cc60-2e26-4c3f-88f9-db566472b15c_1722694488.jpg","6_Video":""},{"ec5_uuid":"b5816c90-3764-40f6-b371-c6822d336757","created_at":"2024-08-03T14:13:40.000Z","uploaded_at":"2024-08-03T15:23:05.000Z","created_by":"gladcolor@gmail.com","title":"b5816c90-3764-40f6-b371-c6822d336757","1_Tree_diameter_ftin":"3-11","2_Location":{"latitude":33.990691,"longitude":-81.003033,"accuracy":2,"UTM_Northing":3761123,"UTM_Easting":499719,"UTM_Zone":"17S"},"3_Date":"2024/08/03","4_Time":"10:13:29","5_Photo":"b5816c90-3764-40f6-b371-c6822d336757_1722694416.jpg","6_Video":""},{"ec5_uuid":"ec72fc66-bb59-4005-a8e6-3ff27fceeb63","created_at":"2024-08-03T14:12:29.000Z","uploaded_at":"2024-08-03T15:23:03.000Z","created_by":"gladcolor@gmail.com","title":"ec72fc66-bb59-4005-a8e6-3ff27fceeb63","1_Tree_diameter_ftin":"7-10","2_Location":{"latitude":33.990686,"longitude":-81.003333,"accuracy":3,"UTM_Northing":3761123,"UTM_Easting":499692,"UTM_Zone":"17S"},"3_Date":"2024/08/03","4_Time":"10:12:16","5_Photo":"ec72fc66-bb59-4005-a8e6-3ff27fceeb63_1722694346.jpg","6_Video":""},{"ec5_uuid":"5908d0af-77e8-48fc-b77d-26c80df7d009","created_at":"2024-08-03T14:10:54.000Z","uploaded_at":"2024-08-03T15:23:01.000Z","created_by":"gladcolor@gmail.com","title":"5908d0af-77e8-48fc-b77d-26c80df7d009","1_Tree_diameter_ftin":"2-9","2_Location":{"latitude":33.990752,"longitude":-81.003422,"accuracy":2,"UTM_Northing":3761130,"UTM_Easting":499683,"UTM_Zone":"17S"},"3_Date":"2024/08/03","4_Time":"10:10:42","5_Photo":"5908d0af-77e8-48fc-b77d-26c80df7d009_1722694250.jpg","6_Video":""},{"ec5_uuid":"166658b7-495b-4b70-8a56-ed80cb4756ae","created_at":"2024-08-03T14:10:02.000Z","uploaded_at":"2024-08-03T15:22:59.000Z","created_by":"gladcolor@gmail.com","title":"166658b7-495b-4b70-8a56-ed80cb4756ae","1_Tree_diameter_ftin":"3-9","2_Location":{"latitude":33.9908,"longitude":-81.003568,"accuracy":3,"UTM_Northing":3761135,"UTM_Easting":499670,"UTM_Zone":"17S"},"3_Date":"2024/08/03","4_Time":"10:09:10","5_Photo":"166658b7-495b-4b70-8a56-ed80cb4756ae_1722694159.jpg","6_Video":""},{"ec5_uuid":"b2708178-0247-4596-9e07-a2c69238d9bf","created_at":"2024-08-03T14:08:15.000Z","uploaded_at":"2024-08-03T15:22:57.000Z","created_by":"gladcolor@gmail.com","title":"b2708178-0247-4596-9e07-a2c69238d9bf","1_Tree_diameter_ftin":"5-4","2_Location":{"latitude":33.9908,"longitude":-81.003801,"accuracy":3,"UTM_Northing":3761135,"UTM_Easting":499648,"UTM_Zone":"17S"},"3_Date":"2024/08/03","4_Time":"10:08:01","5_Photo":"b2708178-0247-4596-9e07-a2c69238d9bf_1722694092.jpg","6_Video":""},{"ec5_uuid":"4c3c0f53-aa28-471a-bffb-8017a384930d","created_at":"2024-08-03T14:06:45.000Z","uploaded_at":"2024-08-03T15:22:56.000Z","created_by":"gladcolor@gmail.com","title":"4c3c0f53-aa28-471a-bffb-8017a384930d","1_Tree_diameter_ftin":"1-11","2_Location":{"latitude":33.990846,"longitude":-81.004144,"accuracy":2,"UTM_Northing":3761141,"UTM_Easting":499617,"UTM_Zone":"17S"},"3_Date":"2024/08/03","4_Time":"10:06:30","5_Photo":"4c3c0f53-aa28-471a-bffb-8017a384930d_1722694001.jpg","6_Video":""},{"ec5_uuid":"49623092-5481-4273-812d-d3d8fa913f0c","created_at":"2024-08-03T14:05:50.000Z","uploaded_at":"2024-08-03T15:22:54.000Z","created_by":"gladcolor@gmail.com","title":"49623092-5481-4273-812d-d3d8fa913f0c","1_Tree_diameter_ftin":"6-2","2_Location":{"latitude":33.990841,"longitude":-81.004296,"accuracy":2,"UTM_Northing":3761140,"UTM_Easting":499603,"UTM_Zone":"17S"},"3_Date":"2024/08/03","4_Time":"10:05:37","5_Photo":"49623092-5481-4273-812d-d3d8fa913f0c_1722693946.jpg","6_Video":""},{"ec5_uuid":"681a1ef7-c3df-4e22-a147-34ecc6da8efa","created_at":"2024-08-03T14:04:26.000Z","uploaded_at":"2024-08-03T15:22:52.000Z","created_by":"gladcolor@gmail.com","title":"681a1ef7-c3df-4e22-a147-34ecc6da8efa","1_Tree_diameter_ftin":"7-11","2_Location":{"latitude":33.990854,"longitude":-81.004399,"accuracy":3,"UTM_Northing":3761141,"UTM_Easting":499593,"UTM_Zone":"17S"},"3_Date":"2024/08/03","4_Time":"10:04:08","5_Photo":"681a1ef7-c3df-4e22-a147-34ecc6da8efa_1722693863.jpg","6_Video":""},{"ec5_uuid":"8d5dc089-288b-47eb-b568-b94c9c1b7172","created_at":"2024-08-03T14:02:47.000Z","uploaded_at":"2024-08-03T15:22:50.000Z","created_by":"gladcolor@gmail.com","title":"8d5dc089-288b-47eb-b568-b94c9c1b7172","1_Tree_diameter_ftin":"3-0","2_Location":{"latitude":33.990863,"longitude":-81.004807,"accuracy":2,"UTM_Northing":3761142,"UTM_Easting":499556,"UTM_Zone":"17S"},"3_Date":"2024/08/03","4_Time":"10:02:36","5_Photo":"8d5dc089-288b-47eb-b568-b94c9c1b7172_1722693764.jpg","6_Video":""},{"ec5_uuid":"590270bb-c94b-46c5-a456-86c5c9c4c5de","created_at":"2024-08-03T14:01:47.000Z","uploaded_at":"2024-08-03T15:22:48.000Z","created_by":"gladcolor@gmail.com","title":"590270bb-c94b-46c5-a456-86c5c9c4c5de","1_Tree_diameter_ftin":"4-8","2_Location":{"latitude":33.990883,"longitude":-81.004898,"accuracy":2,"UTM_Northing":3761145,"UTM_Easting":499547,"UTM_Zone":"17S"},"3_Date":"2024/08/03","4_Time":"10:01:36","5_Photo":"590270bb-c94b-46c5-a456-86c5c9c4c5de_1722693703.jpg","6_Video":""},{"ec5_uuid":"1ff3430f-7161-4559-9ce9-dcca1f4c3521","created_at":"2024-08-03T14:00:35.000Z","uploaded_at":"2024-08-03T15:22:46.000Z","created_by":"gladcolor@gmail.com","title":"1ff3430f-7161-4559-9ce9-dcca1f4c3521","1_Tree_diameter_ftin":"5-7","2_Location":{"latitude":33.990902,"longitude":-81.004956,"accuracy":3,"UTM_Northing":3761147,"UTM_Easting":499542,"UTM_Zone":"17S"},"3_Date":"2024/08/03","4_Time":"10:00:24","5_Photo":"1ff3430f-7161-4559-9ce9-dcca1f4c3521_1722693631.jpg","6_Video":""},{"ec5_uuid":"0dc4dabb-48a4-4de5-aad1-f31d5df0b7dc","created_at":"2024-08-03T13:59:12.000Z","uploaded_at":"2024-08-03T15:22:44.000Z","created_by":"gladcolor@gmail.com","title":"0dc4dabb-48a4-4de5-aad1-f31d5df0b7dc","1_Tree_diameter_ftin":"10-2","2_Location":{"latitude":33.990946,"longitude":-81.005261,"accuracy":3,"UTM_Northing":3761152,"UTM_Easting":499514,"UTM_Zone":"17S"},"3_Date":"2024/08/03","4_Time":"09:59:01","5_Photo":"0dc4dabb-48a4-4de5-aad1-f31d5df0b7dc_1722693549.jpg","6_Video":""},{"ec5_uuid":"1adca646-b8e4-482f-9070-1722d81ae2dd","created_at":"2024-08-03T13:58:00.000Z","uploaded_at":"2024-08-03T15:22:42.000Z","created_by":"gladcolor@gmail.com","title":"1adca646-b8e4-482f-9070-1722d81ae2dd","1_Tree_diameter_ftin":"1-11","2_Location":{"latitude":33.990752,"longitude":-81.005443,"accuracy":3,"UTM_Northing":3761130,"UTM_Easting":499497,"UTM_Zone":"17S"},"3_Date":"2024/08/03","4_Time":"09:57:45","5_Photo":"1adca646-b8e4-482f-9070-1722d81ae2dd_1722693476.jpg","6_Video":""},{"ec5_uuid":"1b6148ba-5912-44a7-ae4f-a95e62b1e8b4","created_at":"2024-08-03T13:57:03.000Z","uploaded_at":"2024-08-03T15:22:40.000Z","created_by":"gladcolor@gmail.com","title":"1b6148ba-5912-44a7-ae4f-a95e62b1e8b4","1_Tree_diameter_ftin":"8-8","2_Location":{"latitude":33.990996,"longitude":-81.005691,"accuracy":2,"UTM_Northing":3761157,"UTM_Easting":499474,"UTM_Zone":"17S"},"3_Date":"2024/08/03","4_Time":"09:56:48","5_Photo":"1b6148ba-5912-44a7-ae4f-a95e62b1e8b4_1722693419.jpg","6_Video":""},{"ec5_uuid":"0d1502cd-b86d-47bd-8272-ca8c12456b0a","created_at":"2024-08-03T13:55:30.000Z","uploaded_at":"2024-08-03T15:22:38.000Z","created_by":"gladcolor@gmail.com","title":"0d1502cd-b86d-47bd-8272-ca8c12456b0a","1_Tree_diameter_ftin":"1-0","2_Location":{"latitude":33.990928,"longitude":-81.005739,"accuracy":3,"UTM_Northing":3761150,"UTM_Easting":499469,"UTM_Zone":"17S"},"3_Date":"2024/08/03","4_Time":"09:55:18","5_Photo":"0d1502cd-b86d-47bd-8272-ca8c12456b0a_1722693327.jpg","6_Video":""},{"ec5_uuid":"fc8bc293-fb92-4c70-af28-df7f218efa18","created_at":"2024-08-03T13:54:16.000Z","uploaded_at":"2024-08-03T15:22:36.000Z","created_by":"gladcolor@gmail.com","title":"fc8bc293-fb92-4c70-af28-df7f218efa18","1_Tree_diameter_ftin":"10-11","2_Location":{"latitude":33.990963,"longitude":-81.006049,"accuracy":3,"UTM_Northing":3761153,"UTM_Easting":499441,"UTM_Zone":"17S"},"3_Date":"2024/08/03","4_Time":"09:54:05","5_Photo":"fc8bc293-fb92-4c70-af28-df7f218efa18_1722693251.jpg","6_Video":""},{"ec5_uuid":"9b3a343b-cd42-4df4-98fd-9e9297cacc3e","created_at":"2024-08-03T13:53:05.000Z","uploaded_at":"2024-08-03T15:22:34.000Z","created_by":"gladcolor@gmail.com","title":"9b3a343b-cd42-4df4-98fd-9e9297cacc3e","1_Tree_diameter_ftin":"1-4","2_Location":{"latitude":33.990973,"longitude":-81.00607,"accuracy":2,"UTM_Northing":3761155,"UTM_Easting":499439,"UTM_Zone":"17S"},"3_Date":"2024/08/03","4_Time":"09:52:50","5_Photo":"9b3a343b-cd42-4df4-98fd-9e9297cacc3e_1722693179.jpg","6_Video":""},{"ec5_uuid":"1d09276f-89d4-48d4-b978-2cdbd9a20d79","created_at":"2024-08-03T13:51:12.000Z","uploaded_at":"2024-08-03T15:22:32.000Z","created_by":"gladcolor@gmail.com","title":"1d09276f-89d4-48d4-b978-2cdbd9a20d79","1_Tree_diameter_ftin":"2-4","2_Location":{"latitude":33.991002,"longitude":-81.006494,"accuracy":3,"UTM_Northing":3761158,"UTM_Easting":499400,"UTM_Zone":"17S"},"3_Date":"2024/08/03","4_Time":"09:51:01","5_Photo":"1d09276f-89d4-48d4-b978-2cdbd9a20d79_1722693068.jpg","6_Video":""},{"ec5_uuid":"b6795ef4-ff66-4e4e-b239-cfb147fb8bb1","created_at":"2024-08-03T13:50:03.000Z","uploaded_at":"2024-08-03T15:22:31.000Z","created_by":"gladcolor@gmail.com","title":"b6795ef4-ff66-4e4e-b239-cfb147fb8bb1","1_Tree_diameter_ftin":"4-3","2_Location":{"latitude":33.991017,"longitude":-81.00665,"accuracy":3,"UTM_Northing":3761159,"UTM_Easting":499385,"UTM_Zone":"17S"},"3_Date":"2024/08/03","4_Time":"09:49:48","5_Photo":"b6795ef4-ff66-4e4e-b239-cfb147fb8bb1_1722692999.jpg","6_Video":""},{"ec5_uuid":"627b7918-d65b-48b2-9e34-610587f3a3dc","created_at":"2024-08-03T13:48:51.000Z","uploaded_at":"2024-08-03T15:22:28.000Z","created_by":"gladcolor@gmail.com","title":"627b7918-d65b-48b2-9e34-610587f3a3dc","1_Tree_diameter_ftin":"4-0","2_Location":{"latitude":33.991008,"longitude":-81.006661,"accuracy":3,"UTM_Northing":3761158,"UTM_Easting":499384,"UTM_Zone":"17S"},"3_Date":"2024/08/03","4_Time":"09:48:38","5_Photo":"627b7918-d65b-48b2-9e34-610587f3a3dc_1722692927.jpg","6_Video":""},{"ec5_uuid":"7c8113b5-4dd3-48f1-80d5-0144045cb4a1","created_at":"2024-08-03T13:48:01.000Z","uploaded_at":"2024-08-03T15:22:26.000Z","created_by":"gladcolor@gmail.com","title":"7c8113b5-4dd3-48f1-80d5-0144045cb4a1","1_Tree_diameter_ftin":"1-11","2_Location":{"latitude":33.991042,"longitude":-81.006783,"accuracy":2,"UTM_Northing":3761162,"UTM_Easting":499373,"UTM_Zone":"17S"},"3_Date":"2024/08/03","4_Time":"09:47:29","5_Photo":"7c8113b5-4dd3-48f1-80d5-0144045cb4a1_1722692858.jpg","6_Video":""},{"ec5_uuid":"97feed67-5735-43ee-9e07-3e708c1454d6","created_at":"2024-08-03T13:46:29.000Z","uploaded_at":"2024-08-03T15:22:24.000Z","created_by":"gladcolor@gmail.com","title":"97feed67-5735-43ee-9e07-3e708c1454d6","1_Tree_diameter_ftin":"5-3","2_Location":{"latitude":33.99104,"longitude":-81.006884,"accuracy":2,"UTM_Northing":3761162,"UTM_Easting":499364,"UTM_Zone":"17S"},"3_Date":"2024/08/03","4_Time":"09:46:17","5_Photo":"97feed67-5735-43ee-9e07-3e708c1454d6_1722692786.jpg","6_Video":""},{"ec5_uuid":"82ca94a1-479b-432d-928b-b2eb0ac4ae93","created_at":"2024-08-03T13:45:00.000Z","uploaded_at":"2024-08-03T15:22:22.000Z","created_by":"gladcolor@gmail.com","title":"82ca94a1-479b-432d-928b-b2eb0ac4ae93","1_Tree_diameter_ftin":"4-3","2_Location":{"latitude":33.991097,"longitude":-81.007148,"accuracy":2,"UTM_Northing":3761168,"UTM_Easting":499339,"UTM_Zone":"17S"},"3_Date":"2024/08/03","4_Time":"09:44:48","5_Photo":"82ca94a1-479b-432d-928b-b2eb0ac4ae93_1722692697.jpg","6_Video":""},{"ec5_uuid":"a47b9c29-69f8-4314-b2f9-c56242abded3","created_at":"2024-08-03T13:43:59.000Z","uploaded_at":"2024-08-03T15:22:20.000Z","created_by":"gladcolor@gmail.com","title":"a47b9c29-69f8-4314-b2f9-c56242abded3","1_Tree_diameter_ftin":"1-8","2_Location":{"latitude":33.991056,"longitude":-81.007272,"accuracy":3,"UTM_Northing":3761164,"UTM_Easting":499328,"UTM_Zone":"17S"},"3_Date":"2024/08/03","4_Time":"09:43:48","5_Photo":"a47b9c29-69f8-4314-b2f9-c56242abded3_1722692635.jpg","6_Video":""},{"ec5_uuid":"9c50643d-7b9a-4f2e-a3fa-a2830d1a84a4","created_at":"2024-08-03T13:42:54.000Z","uploaded_at":"2024-08-03T15:22:19.000Z","created_by":"gladcolor@gmail.com","title":"9c50643d-7b9a-4f2e-a3fa-a2830d1a84a4","1_Tree_diameter_ftin":"3-6","2_Location":{"latitude":33.991066,"longitude":-81.007427,"accuracy":3,"UTM_Northing":3761165,"UTM_Easting":499314,"UTM_Zone":"17S"},"3_Date":"2024/08/03","4_Time":"09:42:43","5_Photo":"9c50643d-7b9a-4f2e-a3fa-a2830d1a84a4_1722692570.jpg","6_Video":""},{"ec5_uuid":"cf397535-b1dd-4192-8112-5bfe9b0e2408","created_at":"2024-08-03T13:42:02.000Z","uploaded_at":"2024-08-03T15:22:17.000Z","created_by":"gladcolor@gmail.com","title":"cf397535-b1dd-4192-8112-5bfe9b0e2408","1_Tree_diameter_ftin":"1-7","2_Location":{"latitude":33.99108,"longitude":-81.007598,"accuracy":2,"UTM_Northing":3761166,"UTM_Easting":499298,"UTM_Zone":"17S"},"3_Date":"2024/08/03","4_Time":"09:41:52","5_Photo":"cf397535-b1dd-4192-8112-5bfe9b0e2408_1722692518.jpg","6_Video":""},{"ec5_uuid":"c88bbb0e-7727-4b0b-9c10-46c907f44f06","created_at":"2024-08-03T13:40:57.000Z","uploaded_at":"2024-08-03T15:22:15.000Z","created_by":"gladcolor@gmail.com","title":"c88bbb0e-7727-4b0b-9c10-46c907f44f06","1_Tree_diameter_ftin":"3-10","2_Location":{"latitude":33.991104,"longitude":-81.007853,"accuracy":3,"UTM_Northing":3761169,"UTM_Easting":499274,"UTM_Zone":"17S"},"3_Date":"2024/08/03","4_Time":"09:40:46","5_Photo":"c88bbb0e-7727-4b0b-9c10-46c907f44f06_1722692453.jpg","6_Video":""},{"ec5_uuid":"a983ce63-c843-418c-97c6-f747fa898c34","created_at":"2024-08-03T13:39:31.000Z","uploaded_at":"2024-08-03T15:22:13.000Z","created_by":"gladcolor@gmail.com","title":"a983ce63-c843-418c-97c6-f747fa898c34","1_Tree_diameter_ftin":"1-4","2_Location":{"latitude":33.991096,"longitude":-81.008123,"accuracy":2,"UTM_Northing":3761168,"UTM_Easting":499249,"UTM_Zone":"17S"},"3_Date":"2024/08/03","4_Time":"09:39:22","5_Photo":"a983ce63-c843-418c-97c6-f747fa898c34_1722692368.jpg","6_Video":""},{"ec5_uuid":"fb6d9351-1434-4794-a964-b1130c84165c","created_at":"2024-08-03T13:38:27.000Z","uploaded_at":"2024-08-03T15:21:57.000Z","created_by":"gladcolor@gmail.com","title":"fb6d9351-1434-4794-a964-b1130c84165c","1_Tree_diameter_ftin":"8-2","2_Location":{"latitude":33.991101,"longitude":-81.008264,"accuracy":2,"UTM_Northing":3761169,"UTM_Easting":499236,"UTM_Zone":"17S"},"3_Date":"2024/08/03","4_Time":"09:38:13","5_Photo":"fb6d9351-1434-4794-a964-b1130c84165c_1722692304.jpg","6_Video":""},{"ec5_uuid":"90e4db6c-8680-4a95-b3f4-5b1422037a58","created_at":"2024-08-03T13:37:17.000Z","uploaded_at":"2024-08-03T15:21:52.000Z","created_by":"gladcolor@gmail.com","title":"90e4db6c-8680-4a95-b3f4-5b1422037a58","1_Tree_diameter_ftin":"3-8","2_Location":{"latitude":33.991142,"longitude":-81.008379,"accuracy":2,"UTM_Northing":3761173,"UTM_Easting":499226,"UTM_Zone":"17S"},"3_Date":"2024/08/03","4_Time":"09:37:00","5_Photo":"90e4db6c-8680-4a95-b3f4-5b1422037a58_1722692233.jpg","6_Video":""},{"ec5_uuid":"a688b71d-03a5-4ea7-a5d1-f9a6fcc109c3","created_at":"2024-08-03T13:35:39.000Z","uploaded_at":"2024-08-03T15:21:47.000Z","created_by":"gladcolor@gmail.com","title":"a688b71d-03a5-4ea7-a5d1-f9a6fcc109c3","1_Tree_diameter_ftin":"9-3","2_Location":{"latitude":33.991176,"longitude":-81.008545,"accuracy":3,"UTM_Northing":3761177,"UTM_Easting":499210,"UTM_Zone":"17S"},"3_Date":"2024/08/03","4_Time":"09:35:27","5_Photo":"a688b71d-03a5-4ea7-a5d1-f9a6fcc109c3_1722692134.jpg","6_Video":""},{"ec5_uuid":"69391140-6587-4de3-bd89-a317bd91af2f","created_at":"2024-08-03T13:34:02.000Z","uploaded_at":"2024-08-03T15:21:42.000Z","created_by":"gladcolor@gmail.com","title":"69391140-6587-4de3-bd89-a317bd91af2f","1_Tree_diameter_ftin":"9-8","2_Location":{"latitude":33.991103,"longitude":-81.008692,"accuracy":2,"UTM_Northing":3761169,"UTM_Easting":499197,"UTM_Zone":"17S"},"3_Date":"2024/08/03","4_Time":"09:33:48","5_Photo":"69391140-6587-4de3-bd89-a317bd91af2f_1722692038.jpg","6_Video":""},{"ec5_uuid":"3e43c2ea-57bf-46c1-9b80-cd46d1fe1479","created_at":"2024-08-03T13:32:25.000Z","uploaded_at":"2024-08-03T15:21:37.000Z","created_by":"gladcolor@gmail.com","title":"3e43c2ea-57bf-46c1-9b80-cd46d1fe1479","1_Tree_diameter_ftin":"8-11","2_Location":{"latitude":33.991191,"longitude":-81.008832,"accuracy":3,"UTM_Northing":3761179,"UTM_Easting":499184,"UTM_Zone":"17S"},"3_Date":"2024/08/03","4_Time":"09:32:10","5_Photo":"3e43c2ea-57bf-46c1-9b80-cd46d1fe1479_1722691940.jpg","6_Video":""},{"ec5_uuid":"81dd72c0-dd3e-4863-a98b-07c4c79f4b57","created_at":"2024-08-03T13:30:59.000Z","uploaded_at":"2024-08-03T15:21:32.000Z","created_by":"gladcolor@gmail.com","title":"81dd72c0-dd3e-4863-a98b-07c4c79f4b57","1_Tree_diameter_ftin":"2-11","2_Location":{"latitude":33.99123,"longitude":-81.009052,"accuracy":2,"UTM_Northing":3761183,"UTM_Easting":499163,"UTM_Zone":"17S"},"3_Date":"2024/08/03","4_Time":"09:30:45","5_Photo":"81dd72c0-dd3e-4863-a98b-07c4c79f4b57_1722691855.jpg","6_Video":""},{"ec5_uuid":"95f65adc-a6c1-494a-9e2f-7619fb7daff1","created_at":"2024-08-03T13:28:57.000Z","uploaded_at":"2024-08-03T15:21:27.000Z","created_by":"gladcolor@gmail.com","title":"95f65adc-a6c1-494a-9e2f-7619fb7daff1","1_Tree_diameter_ftin":"9-6","2_Location":{"latitude":33.991195,"longitude":-81.00918,"accuracy":2,"UTM_Northing":3761179,"UTM_Easting":499152,"UTM_Zone":"17S"},"3_Date":"2024/08/03","4_Time":"09:28:42","5_Photo":"95f65adc-a6c1-494a-9e2f-7619fb7daff1_1722691733.jpg","6_Video":""},{"ec5_uuid":"7eda123b-653b-4a20-98ec-ed68650783be","created_at":"2024-08-03T13:27:15.000Z","uploaded_at":"2024-08-03T15:21:22.000Z","created_by":"gladcolor@gmail.com","title":"7eda123b-653b-4a20-98ec-ed68650783be","1_Tree_diameter_ftin":"0-11","2_Location":{"latitude":33.99118,"longitude":-81.009136,"accuracy":3,"UTM_Northing":3761178,"UTM_Easting":499156,"UTM_Zone":"17S"},"3_Date":"2024/08/03","4_Time":"09:27:03","5_Photo":"7eda123b-653b-4a20-98ec-ed68650783be_1722691631.jpg","6_Video":""},{"ec5_uuid":"18ab0b3b-33c4-4681-9f78-6d93c4255931","created_at":"2024-08-03T13:26:04.000Z","uploaded_at":"2024-08-03T15:21:17.000Z","created_by":"gladcolor@gmail.com","title":"18ab0b3b-33c4-4681-9f78-6d93c4255931","1_Tree_diameter_ftin":"1-9","2_Location":{"latitude":33.991256,"longitude":-81.009375,"accuracy":3,"UTM_Northing":3761186,"UTM_Easting":499134,"UTM_Zone":"17S"},"3_Date":"2024/08/03","4_Time":"09:25:48","5_Photo":"18ab0b3b-33c4-4681-9f78-6d93c4255931_1722691558.jpg","6_Video":""},{"ec5_uuid":"0109cf53-31aa-4406-aff9-97771900be1e","created_at":"2024-08-03T13:24:37.000Z","uploaded_at":"2024-08-03T15:21:12.000Z","created_by":"gladcolor@gmail.com","title":"0109cf53-31aa-4406-aff9-97771900be1e","1_Tree_diameter_ftin":"5-3","2_Location":{"latitude":33.991257,"longitude":-81.009587,"accuracy":3,"UTM_Northing":3761186,"UTM_Easting":499114,"UTM_Zone":"17S"},"3_Date":"2024/08/03","4_Time":"09:24:22","5_Photo":"0109cf53-31aa-4406-aff9-97771900be1e_1722691473.jpg","6_Video":""},{"ec5_uuid":"2254e854-3810-4374-9b8c-6df15bd4775f","created_at":"2024-08-03T13:22:22.000Z","uploaded_at":"2024-08-03T15:21:10.000Z","created_by":"gladcolor@gmail.com","title":"2254e854-3810-4374-9b8c-6df15bd4775f","1_Tree_diameter_ftin":"5-2","2_Location":{"latitude":33.991293,"longitude":-81.009753,"accuracy":3,"UTM_Northing":3761190,"UTM_Easting":499099,"UTM_Zone":"17S"},"3_Date":"2024/08/03","4_Time":"09:21:57","5_Photo":"2254e854-3810-4374-9b8c-6df15bd4775f_1722691334.jpg","6_Video":""},{"ec5_uuid":"24763d55-4d76-498b-af6d-22d2799bb33a","created_at":"2024-08-03T13:20:44.000Z","uploaded_at":"2024-08-03T15:21:08.000Z","created_by":"gladcolor@gmail.com","title":"24763d55-4d76-498b-af6d-22d2799bb33a","1_Tree_diameter_ftin":"9-0","2_Location":{"latitude":33.991364,"longitude":-81.009828,"accuracy":2,"UTM_Northing":3761198,"UTM_Easting":499092,"UTM_Zone":"17S"},"3_Date":"2024/08/03","4_Time":"09:20:04","5_Photo":"24763d55-4d76-498b-af6d-22d2799bb33a_1722691236.jpg","6_Video":""},{"ec5_uuid":"f7be75ef-568e-41f4-a23e-1c362daa3211","created_at":"2023-11-26T15:51:04.000Z","uploaded_at":"2023-12-05T21:12:38.000Z","created_by":"gladcolor@gmail.com","title":"f7be75ef-568e-41f4-a23e-1c362daa3211","1_Tree_diameter_ftin":"8-3","2_Location":{"latitude":33.991082,"longitude":-81.011434,"accuracy":4,"UTM_Northing":3761167,"UTM_Easting":498943,"UTM_Zone":"17S"},"3_Date":"2023/11/26","4_Time":"10:50:21","5_Photo":"f7be75ef-568e-41f4-a23e-1c362daa3211_1701013861.jpg","6_Video":""},{"ec5_uuid":"4f678d9e-12b2-47b5-8bab-41c766e4240e","created_at":"2023-11-26T15:49:21.000Z","uploaded_at":"2023-12-05T21:12:36.000Z","created_by":"gladcolor@gmail.com","title":"4f678d9e-12b2-47b5-8bab-41c766e4240e","1_Tree_diameter_ftin":"5-7","2_Location":{"latitude":33.991035,"longitude":-81.011503,"accuracy":4,"UTM_Northing":3761162,"UTM_Easting":498937,"UTM_Zone":"17S"},"3_Date":"2023/11/26","4_Time":"10:48:53","5_Photo":"4f678d9e-12b2-47b5-8bab-41c766e4240e_1701013756.jpg","6_Video":""},{"ec5_uuid":"6af7269d-6e88-45d5-a1e2-5a20282eefc7","created_at":"2023-11-26T15:48:02.000Z","uploaded_at":"2023-12-05T21:12:34.000Z","created_by":"gladcolor@gmail.com","title":"6af7269d-6e88-45d5-a1e2-5a20282eefc7","1_Tree_diameter_ftin":"8-0","2_Location":{"latitude":33.990948,"longitude":-81.011773,"accuracy":4,"UTM_Northing":3761152,"UTM_Easting":498912,"UTM_Zone":"17S"},"3_Date":"2023/11/26","4_Time":"10:47:26","5_Photo":"6af7269d-6e88-45d5-a1e2-5a20282eefc7_1701013676.jpg","6_Video":""},{"ec5_uuid":"3e1d95ee-5c7b-44b9-8479-d7d393b0472b","created_at":"2023-11-26T15:45:25.000Z","uploaded_at":"2023-12-05T21:12:32.000Z","created_by":"gladcolor@gmail.com","title":"3e1d95ee-5c7b-44b9-8479-d7d393b0472b","1_Tree_diameter_ftin":"7-0","2_Location":{"latitude":33.990832,"longitude":-81.011882,"accuracy":4,"UTM_Northing":3761139,"UTM_Easting":498902,"UTM_Zone":"17S"},"3_Date":"2023/11/26","4_Time":"10:45:02","5_Photo":"3e1d95ee-5c7b-44b9-8479-d7d393b0472b_1701013522.jpg","6_Video":""},{"ec5_uuid":"ea899df8-6bb6-48d1-8116-8078c83f7764","created_at":"2023-11-26T15:44:11.000Z","uploaded_at":"2023-12-05T21:12:30.000Z","created_by":"gladcolor@gmail.com","title":"ea899df8-6bb6-48d1-8116-8078c83f7764","1_Tree_diameter_ftin":"5-4","2_Location":{"latitude":33.990679,"longitude":-81.011877,"accuracy":4,"UTM_Northing":3761122,"UTM_Easting":498903,"UTM_Zone":"17S"},"3_Date":"2023/11/26","4_Time":"10:43:45","5_Photo":"ea899df8-6bb6-48d1-8116-8078c83f7764_1701013446.jpg","6_Video":""},{"ec5_uuid":"6db0ee52-44b7-4a7b-96d6-9fbdf13e002f","created_at":"2023-11-26T15:43:25.000Z","uploaded_at":"2023-12-05T21:12:29.000Z","created_by":"gladcolor@gmail.com","title":"6db0ee52-44b7-4a7b-96d6-9fbdf13e002f","1_Tree_diameter_ftin":"0-11","2_Location":{"latitude":33.990569,"longitude":-81.011754,"accuracy":4,"UTM_Northing":3761110,"UTM_Easting":498914,"UTM_Zone":"17S"},"3_Date":"2023/11/26","4_Time":"10:42:39","5_Photo":"6db0ee52-44b7-4a7b-96d6-9fbdf13e002f_1701013375.jpg","6_Video":""},{"ec5_uuid":"ef594190-a1d7-4071-bcdd-95184acca27e","created_at":"2023-11-26T15:41:55.000Z","uploaded_at":"2023-12-05T21:12:27.000Z","created_by":"gladcolor@gmail.com","title":"ef594190-a1d7-4071-bcdd-95184acca27e","1_Tree_diameter_ftin":"6-4","2_Location":{"latitude":33.990538,"longitude":-81.011716,"accuracy":4,"UTM_Northing":3761106,"UTM_Easting":498917,"UTM_Zone":"17S"},"3_Date":"2023/11/26","4_Time":"10:41:31","5_Photo":"ef594190-a1d7-4071-bcdd-95184acca27e_1701013310.jpg","6_Video":""},{"ec5_uuid":"1ad6e2f1-445e-40ae-bd04-cff04d7629da","created_at":"2023-11-26T15:40:29.000Z","uploaded_at":"2023-12-05T21:12:25.000Z","created_by":"gladcolor@gmail.com","title":"1ad6e2f1-445e-40ae-bd04-cff04d7629da","1_Tree_diameter_ftin":"6-8","2_Location":{"latitude":33.990406,"longitude":-81.011472,"accuracy":3,"UTM_Northing":3761092,"UTM_Easting":498940,"UTM_Zone":"17S"},"3_Date":"2023/11/26","4_Time":"10:40:03","5_Photo":"1ad6e2f1-445e-40ae-bd04-cff04d7629da_1701013222.jpg","6_Video":""},{"ec5_uuid":"6bb38748-8ac3-43f7-988f-36d194725f7f","created_at":"2023-11-26T15:39:05.000Z","uploaded_at":"2023-12-05T21:12:23.000Z","created_by":"gladcolor@gmail.com","title":"6bb38748-8ac3-43f7-988f-36d194725f7f","1_Tree_diameter_ftin":"0-10","2_Location":{"latitude":33.990344,"longitude":-81.01137,"accuracy":4,"UTM_Northing":3761085,"UTM_Easting":498949,"UTM_Zone":"17S"},"3_Date":"2023/11/26","4_Time":"10:38:44","5_Photo":"6bb38748-8ac3-43f7-988f-36d194725f7f_1701013141.jpg","6_Video":""},{"ec5_uuid":"f7a99432-9da9-4042-801f-c510e6c14819","created_at":"2023-11-26T15:38:09.000Z","uploaded_at":"2023-12-05T21:12:21.000Z","created_by":"gladcolor@gmail.com","title":"f7a99432-9da9-4042-801f-c510e6c14819","1_Tree_diameter_ftin":"4-0","2_Location":{"latitude":33.990241,"longitude":-81.011275,"accuracy":4,"UTM_Northing":3761073,"UTM_Easting":498958,"UTM_Zone":"17S"},"3_Date":"2023/11/26","4_Time":"10:37:47","5_Photo":"f7a99432-9da9-4042-801f-c510e6c14819_1701013084.jpg","6_Video":""},{"ec5_uuid":"0f536e52-040c-4472-b25a-393ef91f7213","created_at":"2023-11-26T15:37:29.000Z","uploaded_at":"2023-12-05T21:12:19.000Z","created_by":"gladcolor@gmail.com","title":"0f536e52-040c-4472-b25a-393ef91f7213","1_Tree_diameter_ftin":"4-3","2_Location":{"latitude":33.990205,"longitude":-81.01112,"accuracy":4,"UTM_Northing":3761069,"UTM_Easting":498972,"UTM_Zone":"17S"},"3_Date":"2023/11/26","4_Time":"10:36:39","5_Photo":"0f536e52-040c-4472-b25a-393ef91f7213_1701013023.jpg","6_Video":""},{"ec5_uuid":"5e6250c4-7ce9-4697-a2a1-aaa5fc254985","created_at":"2023-11-26T15:35:31.000Z","uploaded_at":"2023-12-05T21:12:17.000Z","created_by":"gladcolor@gmail.com","title":"5e6250c4-7ce9-4697-a2a1-aaa5fc254985","1_Tree_diameter_ftin":"4-6","2_Location":{"latitude":33.990089,"longitude":-81.011039,"accuracy":4,"UTM_Northing":3761057,"UTM_Easting":498980,"UTM_Zone":"17S"},"3_Date":"2023/11/26","4_Time":"10:34:59","5_Photo":"5e6250c4-7ce9-4697-a2a1-aaa5fc254985_1701012927.jpg","6_Video":""},{"ec5_uuid":"cae0aa37-df00-4639-9e54-903c57060651","created_at":"2023-11-26T15:34:13.000Z","uploaded_at":"2023-12-05T21:12:15.000Z","created_by":"gladcolor@gmail.com","title":"cae0aa37-df00-4639-9e54-903c57060651","1_Tree_diameter_ftin":"1-2","2_Location":{"latitude":33.989951,"longitude":-81.010988,"accuracy":4,"UTM_Northing":3761041,"UTM_Easting":498985,"UTM_Zone":"17S"},"3_Date":"2023/11/26","4_Time":"10:33:48","5_Photo":"cae0aa37-df00-4639-9e54-903c57060651_1701012847.jpg","6_Video":""},{"ec5_uuid":"2e621ae8-a1ca-4b5c-b658-80d224084e3b","created_at":"2023-11-26T15:33:26.000Z","uploaded_at":"2023-12-05T21:12:14.000Z","created_by":"gladcolor@gmail.com","title":"2e621ae8-a1ca-4b5c-b658-80d224084e3b","1_Tree_diameter_ftin":"6-9","2_Location":{"latitude":33.989956,"longitude":-81.010891,"accuracy":3,"UTM_Northing":3761042,"UTM_Easting":498994,"UTM_Zone":"17S"},"3_Date":"2023/11/26","4_Time":"10:32:44","5_Photo":"2e621ae8-a1ca-4b5c-b658-80d224084e3b_1701012790.jpg","6_Video":""},{"ec5_uuid":"b57f9ab8-690a-435d-9528-4b8c62912d43","created_at":"2023-11-26T15:31:18.000Z","uploaded_at":"2023-12-05T21:12:12.000Z","created_by":"gladcolor@gmail.com","title":"b57f9ab8-690a-435d-9528-4b8c62912d43","1_Tree_diameter_ftin":"4-3","2_Location":{"latitude":33.989621,"longitude":-81.010599,"accuracy":4,"UTM_Northing":3761005,"UTM_Easting":499021,"UTM_Zone":"17S"},"3_Date":"2023/11/26","4_Time":"10:30:54","5_Photo":"b57f9ab8-690a-435d-9528-4b8c62912d43_1701012674.jpg","6_Video":""},{"ec5_uuid":"f3e4d35f-e331-42d1-a822-de82d8c12685","created_at":"2023-11-26T15:30:25.000Z","uploaded_at":"2023-12-05T21:12:10.000Z","created_by":"gladcolor@gmail.com","title":"f3e4d35f-e331-42d1-a822-de82d8c12685","1_Tree_diameter_ftin":"3-1","2_Location":{"latitude":33.989593,"longitude":-81.010526,"accuracy":4,"UTM_Northing":3761002,"UTM_Easting":499027,"UTM_Zone":"17S"},"3_Date":"2023/11/26","4_Time":"10:29:49","5_Photo":"f3e4d35f-e331-42d1-a822-de82d8c12685_1701012609.jpg","6_Video":""},{"ec5_uuid":"99b99522-5994-43ab-b5e4-207ae6508b4f","created_at":"2023-11-26T15:28:45.000Z","uploaded_at":"2023-12-05T21:12:08.000Z","created_by":"gladcolor@gmail.com","title":"99b99522-5994-43ab-b5e4-207ae6508b4f","1_Tree_diameter_ftin":"1-8","2_Location":{"latitude":33.989474,"longitude":-81.010417,"accuracy":4,"UTM_Northing":3760988,"UTM_Easting":499037,"UTM_Zone":"17S"},"3_Date":"2023/11/26","4_Time":"10:28:19","5_Photo":"99b99522-5994-43ab-b5e4-207ae6508b4f_1701012519.jpg","6_Video":""},{"ec5_uuid":"cfb47fc1-809c-4efd-b42a-f50355274744","created_at":"2023-11-26T15:27:41.000Z","uploaded_at":"2023-12-05T21:12:06.000Z","created_by":"gladcolor@gmail.com","title":"cfb47fc1-809c-4efd-b42a-f50355274744","1_Tree_diameter_ftin":"1-1","2_Location":{"latitude":33.989386,"longitude":-81.010257,"accuracy":4,"UTM_Northing":3760979,"UTM_Easting":499052,"UTM_Zone":"17S"},"3_Date":"2023/11/26","4_Time":"10:27:10","5_Photo":"cfb47fc1-809c-4efd-b42a-f50355274744_1701012447.jpg","6_Video":""},{"ec5_uuid":"46c6379c-98ab-4df4-b8cb-cc1276cb951a","created_at":"2023-11-24T17:09:16.000Z","uploaded_at":"2023-11-24T18:20:10.000Z","created_by":"gladcolor@gmail.com","title":"46c6379c-98ab-4df4-b8cb-cc1276cb951a","1_Tree_diameter_ftin":"2-1","2_Location":{"latitude":33.990823,"longitude":-81.012047,"accuracy":4,"UTM_Northing":3761138,"UTM_Easting":498887,"UTM_Zone":"17S"},"3_Date":"2023/11/24","4_Time":"12:08:53","5_Photo":"46c6379c-98ab-4df4-b8cb-cc1276cb951a_1700845751.jpg","6_Video":""},{"ec5_uuid":"b418be89-2b28-4b35-91a4-f020f98ce643","created_at":"2023-11-24T17:07:54.000Z","uploaded_at":"2023-11-24T18:20:08.000Z","created_by":"gladcolor@gmail.com","title":"b418be89-2b28-4b35-91a4-f020f98ce643","1_Tree_diameter_ftin":"4-4","2_Location":{"latitude":33.990655,"longitude":-81.012032,"accuracy":4,"UTM_Northing":3761119,"UTM_Easting":498888,"UTM_Zone":"17S"},"3_Date":"2023/11/24","4_Time":"12:06:59","5_Photo":"b418be89-2b28-4b35-91a4-f020f98ce643_1700845671.jpg","6_Video":""},{"ec5_uuid":"3865956f-850c-4569-bf18-eeca0fc79204","created_at":"2023-11-24T17:05:29.000Z","uploaded_at":"2023-11-24T18:20:06.000Z","created_by":"gladcolor@gmail.com","title":"3865956f-850c-4569-bf18-eeca0fc79204","1_Tree_diameter_ftin":"0-5-4","2_Location":{"latitude":33.990555,"longitude":-81.011875,"accuracy":4,"UTM_Northing":3761108,"UTM_Easting":498903,"UTM_Zone":"17S"},"3_Date":"2023/11/24","4_Time":"12:05:05","5_Photo":"3865956f-850c-4569-bf18-eeca0fc79204_1700845522.jpg","6_Video":""},{"ec5_uuid":"f6f94365-d998-470c-9ec1-e139f96d7e22","created_at":"2023-11-24T17:04:34.000Z","uploaded_at":"2023-11-24T18:20:04.000Z","created_by":"gladcolor@gmail.com","title":"f6f94365-d998-470c-9ec1-e139f96d7e22","1_Tree_diameter_ftin":"1-9","2_Location":{"latitude":33.990409,"longitude":-81.011768,"accuracy":4,"UTM_Northing":3761092,"UTM_Easting":498913,"UTM_Zone":"17S"},"3_Date":"2023/11/24","4_Time":"12:03:33","5_Photo":"f6f94365-d998-470c-9ec1-e139f96d7e22_1700845435.jpg","6_Video":""},{"ec5_uuid":"4a970896-699c-411c-bec0-c0720db43f73","created_at":"2023-11-24T17:02:28.000Z","uploaded_at":"2023-11-24T18:20:02.000Z","created_by":"gladcolor@gmail.com","title":"4a970896-699c-411c-bec0-c0720db43f73","1_Tree_diameter_ftin":"1-8","2_Location":{"latitude":33.990239,"longitude":-81.011548,"accuracy":4,"UTM_Northing":3761073,"UTM_Easting":498933,"UTM_Zone":"17S"},"3_Date":"2023/11/24","4_Time":"12:01:56","5_Photo":"4a970896-699c-411c-bec0-c0720db43f73_1700845342.jpg","6_Video":""},{"ec5_uuid":"b038f7ca-8f84-48d8-a42c-eb0d74935c89","created_at":"2023-11-24T17:00:47.000Z","uploaded_at":"2023-11-24T18:20:00.000Z","created_by":"gladcolor@gmail.com","title":"b038f7ca-8f84-48d8-a42c-eb0d74935c89","1_Tree_diameter_ftin":"10-1","2_Location":{"latitude":33.990185,"longitude":-81.01143,"accuracy":4,"UTM_Northing":3761067,"UTM_Easting":498944,"UTM_Zone":"17S"},"3_Date":"2023/11/24","4_Time":"12:00:20","5_Photo":"b038f7ca-8f84-48d8-a42c-eb0d74935c89_1700845238.jpg","6_Video":""},{"ec5_uuid":"09099228-2a20-4fb2-995b-6c70742fdaec","created_at":"2023-11-24T16:58:21.000Z","uploaded_at":"2023-11-24T18:19:58.000Z","created_by":"gladcolor@gmail.com","title":"09099228-2a20-4fb2-995b-6c70742fdaec","1_Tree_diameter_ftin":"8-10","2_Location":{"latitude":33.989958,"longitude":-81.011266,"accuracy":4,"UTM_Northing":3761042,"UTM_Easting":498959,"UTM_Zone":"17S"},"3_Date":"2023/11/24","4_Time":"11:57:43","5_Photo":"09099228-2a20-4fb2-995b-6c70742fdaec_1700845093.jpg","6_Video":""},{"ec5_uuid":"0c1b2623-0878-41b0-8312-093205f2e1f2","created_at":"2023-11-24T16:56:16.000Z","uploaded_at":"2023-11-24T18:19:56.000Z","created_by":"gladcolor@gmail.com","title":"0c1b2623-0878-41b0-8312-093205f2e1f2","1_Tree_diameter_ftin":"4-2","2_Location":{"latitude":33.989875,"longitude":-81.011164,"accuracy":4,"UTM_Northing":3761033,"UTM_Easting":498968,"UTM_Zone":"17S"},"3_Date":"2023/11/24","4_Time":"11:55:49","5_Photo":"0c1b2623-0878-41b0-8312-093205f2e1f2_1700844970.jpg","6_Video":""},{"ec5_uuid":"d0688940-cfc3-4923-bc81-95d82028a839","created_at":"2023-11-24T16:54:47.000Z","uploaded_at":"2023-11-24T18:19:54.000Z","created_by":"gladcolor@gmail.com","title":"d0688940-cfc3-4923-bc81-95d82028a839","1_Tree_diameter_ftin":"4-2","2_Location":{"latitude":33.989706,"longitude":-81.010839,"accuracy":5,"UTM_Northing":3761014,"UTM_Easting":498998,"UTM_Zone":"17S"},"3_Date":"2023/11/24","4_Time":"11:53:51","5_Photo":"d0688940-cfc3-4923-bc81-95d82028a839_1700844874.jpg","6_Video":""},{"ec5_uuid":"089750ff-26fc-43c7-b5e3-076fb52b82e7","created_at":"2023-11-24T16:52:06.000Z","uploaded_at":"2023-11-24T18:19:52.000Z","created_by":"gladcolor@gmail.com","title":"089750ff-26fc-43c7-b5e3-076fb52b82e7","1_Tree_diameter_ftin":"3-5","2_Location":{"latitude":33.989495,"longitude":-81.010578,"accuracy":4,"UTM_Northing":3760991,"UTM_Easting":499023,"UTM_Zone":"17S"},"3_Date":"2023/11/24","4_Time":"11:50:28","5_Photo":"089750ff-26fc-43c7-b5e3-076fb52b82e7_1700844711.jpg","6_Video":""},{"ec5_uuid":"28eeb21e-f3ff-4f61-8fa9-34b61c16356c","created_at":"2023-11-24T16:48:58.000Z","uploaded_at":"2023-11-24T18:19:51.000Z","created_by":"gladcolor@gmail.com","title":"28eeb21e-f3ff-4f61-8fa9-34b61c16356c","1_Tree_diameter_ftin":"4-5","2_Location":{"latitude":33.989387,"longitude":-81.010487,"accuracy":4,"UTM_Northing":3760979,"UTM_Easting":499031,"UTM_Zone":"17S"},"3_Date":"2023/11/24","4_Time":"11:47:10","5_Photo":"28eeb21e-f3ff-4f61-8fa9-34b61c16356c_1700844500.jpg","6_Video":""},{"ec5_uuid":"6a4fc2a6-242d-4b81-86cf-5d764522b932","created_at":"2023-11-24T16:45:56.000Z","uploaded_at":"2023-11-24T18:19:49.000Z","created_by":"gladcolor@gmail.com","title":"6a4fc2a6-242d-4b81-86cf-5d764522b932","1_Tree_diameter_ftin":"4-8","2_Location":{"latitude":33.98937,"longitude":-81.010372,"accuracy":4,"UTM_Northing":3760977,"UTM_Easting":499042,"UTM_Zone":"17S"},"3_Date":"2023/11/24","4_Time":"11:45:30","5_Photo":"6a4fc2a6-242d-4b81-86cf-5d764522b932_1700844344.jpg","6_Video":""}]}