ec5_uuid,created_at,uploaded_at,created_by,title,1_Tree_diameter_ftin,lat_2_Location,long_2_Location,accuracy_2_Location,UTM_Northing_2_Location,UTM_Easting_2_Location,UTM_Zone_2_Location,3_Date,4_Time,5_Photo,6_Video
6faee90f-384a-457d-b2d1-fee8953bafe6,2024-08-03T15:15:07.000Z,2024-08-03T15:27:12.000Z,gladcolor@gmail.com,6faee90f-384a-457d-b2d1-fee8953bafe6,3-3,33.991176,-81.009903,3,3761177,499085,17S,2024/08/03,11:14:55,6faee90f-384a-457d-b2d1-fee8953bafe6_1722698104.jpg,
f4e9ae46-5436-4550-b0ea-c12b80ec3947,2024-08-03T15:13:59.000Z,2024-08-03T15:27:07.000Z,gladcolor@gmail.com,f4e9ae46-5436-4550-b0ea-c12b80ec3947,1-11,33.991076,-81.009721,3,3761166,499102,17S,2024/08/03,11:13:47,f4e9ae46-5436-4550-b0ea-c12b80ec3947_1722698037.jpg,
189b47b6-fe34-4d3f-865f-f5958b7422e2,2024-08-03T15:13:12.000Z,2024-08-03T15:27:03.000Z,gladcolor@gmail.com,189b47b6-fe34-4d3f-865f-f5958b7422e2,1-9,33.991074,-81.009616,2,3761166,499111,17S,2024/08/03,11:12:59,189b47b6-fe34-4d3f-865f-f5958b7422e2_1722697989.jpg,
4e91d6d3-e0f1-47eb-bc97-8836cbc89aab,2024-08-03T15:12:23.000Z,2024-08-03T15:26:57.000Z,gladcolor@gmail.com,4e91d6d3-e0f1-47eb-bc97-8836cbc89aab,3-1,33.991031,-81.009415,3,3761161,499130,17S,2024/08/03,11:12:13,4e91d6d3-e0f1-47eb-bc97-8836cbc89aab_1722697940.jpg,
21179720-ae03-4a12-b751-ae49278b1dc9,2024-08-03T15:10:43.000Z,2024-08-03T15:26:52.000Z,gladcolor@gmail.com,21179720-ae03-4a12-b751-ae49278b1dc9,7-0,33.990955,-81.008814,3,3761153,499185,17S,2024/08/03,11:10:29,21179720-ae03-4a12-b751-ae49278b1dc9_1722697840.jpg,
acddebd5-fab4-48b4-8a29-89a8317a3517,2024-08-03T15:09:29.000Z,2024-08-03T15:26:47.000Z,gladcolor@gmail.com,acddebd5-fab4-48b4-8a29-89a8317a3517,2-2,33.990999,-81.008578,2,3761157,499207,17S,2024/08/03,11:09:19,acddebd5-fab4-48b4-8a29-89a8317a3517_1722697766.jpg,
5b4c0d18-3f02-42d2-86ad-9dcadf6d6b3a,2024-08-03T15:08:25.000Z,2024-08-03T15:26:42.000Z,gladcolor@gmail.com,5b4c0d18-3f02-42d2-86ad-9dcadf6d6b3a,3-0,33.991033,-81.008337,2,3761161,499230,17S,2024/08/03,11:08:13,5b4c0d18-3f02-42d2-86ad-9dcadf6d6b3a_1722697701.jpg,
df52eb7b-0a65-4500-bc0d-fe48193fd155,2024-08-03T15:07:39.000Z,2024-08-03T15:26:37.000Z,gladcolor@gmail.com,df52eb7b-0a65-4500-bc0d-fe48193fd155,2-3,33.990992,-81.008257,3,3761157,499237,17S,2024/08/03,11:07:28,df52eb7b-0a65-4500-bc0d-fe48193fd155_1722697656.jpg,
7032fe07-1af3-4962-b1ec-953c1a9b7461,2024-08-03T15:06:43.000Z,2024-08-03T15:26:32.000Z,gladcolor@gmail.com,7032fe07-1af3-4962-b1ec-953c1a9b7461,1-9,33.990913,-81.008094,3,3761148,499252,17S,2024/08/03,11:06:32,7032fe07-1af3-4962-b1ec-953c1a9b7461_1722697600.jpg,
2c9638d6-5d15-49e2-bbb3-643828ecb646,2024-08-03T15:05:36.000Z,2024-08-03T15:26:27.000Z,gladcolor@gmail.com,2c9638d6-5d15-49e2-bbb3-643828ecb646,2-9,33.990926,-81.007818,3,3761149,499277,17S,2024/08/03,11:05:24,2c9638d6-5d15-49e2-bbb3-643828ecb646_1722697532.jpg,
52333378-0503-453f-b5fd-2d1fddd8fc38,2024-08-03T15:04:48.000Z,2024-08-03T15:26:22.000Z,gladcolor@gmail.com,52333378-0503-453f-b5fd-2d1fddd8fc38,3-0,33.990966,-81.007859,3,3761154,499274,17S,2024/08/03,11:04:37,52333378-0503-453f-b5fd-2d1fddd8fc38_1722697485.jpg,
e2212ee8-e4e4-427c-8d36-1d107c89200b,2024-08-03T15:03:59.000Z,2024-08-03T15:26:17.000Z,gladcolor@gmail.com,e2212ee8-e4e4-427c-8d36-1d107c89200b,2-7,33.990967,-81.007711,3,3761154,499287,17S,2024/08/03,11:03:47,e2212ee8-e4e4-427c-8d36-1d107c89200b_1722697435.jpg,
c7deac92-a11d-40b0-810c-431b04cd0584,2024-08-03T15:02:28.000Z,2024-08-03T15:26:12.000Z,gladcolor@gmail.com,c7deac92-a11d-40b0-810c-431b04cd0584,4-8,33.990929,-81.007631,3,3761150,499295,17S,2024/08/03,11:02:17,c7deac92-a11d-40b0-810c-431b04cd0584_1722697345.jpg,
a5f582b8-e105-4d9d-87ae-87642bf8cc32,2024-08-03T15:01:24.000Z,2024-08-03T15:26:07.000Z,gladcolor@gmail.com,a5f582b8-e105-4d9d-87ae-87642bf8cc32,2-8,33.990885,-81.00739,2,3761145,499317,17S,2024/08/03,11:01:12,a5f582b8-e105-4d9d-87ae-87642bf8cc32_1722697280.jpg,
1a9cb424-9e4c-44ee-81b8-1f25dffbe4db,2024-08-03T15:00:28.000Z,2024-08-03T15:26:02.000Z,gladcolor@gmail.com,1a9cb424-9e4c-44ee-81b8-1f25dffbe4db,3-4,33.990947,-81.007316,2,3761152,499324,17S,2024/08/03,11:00:16,1a9cb424-9e4c-44ee-81b8-1f25dffbe4db_1722697225.jpg,
e8d995e2-57f3-440f-81ae-d2bc4dcbb837,2024-08-03T14:58:51.000Z,2024-08-03T15:25:57.000Z,gladcolor@gmail.com,e8d995e2-57f3-440f-81ae-d2bc4dcbb837,0-11,33.990874,-81.006573,2,3761144,499392,17S,2024/08/03,10:58:41,e8d995e2-57f3-440f-81ae-d2bc4dcbb837_1722697128.jpg,
0098b152-a69e-4210-ad6f-da5ae53505be,2024-08-03T14:58:03.000Z,2024-08-03T15:25:52.000Z,gladcolor@gmail.com,0098b152-a69e-4210-ad6f-da5ae53505be,3-10,33.990828,-81.006499,2,3761139,499399,17S,2024/08/03,10:57:50,0098b152-a69e-4210-ad6f-da5ae53505be_1722697079.jpg,
dfa7079d-5731-4364-819d-04447e32bfd0,2024-08-03T14:56:28.000Z,2024-08-03T15:25:47.000Z,gladcolor@gmail.com,dfa7079d-5731-4364-819d-04447e32bfd0,3-0,33.990825,-81.006063,2,3761138,499440,17S,2024/08/03,10:56:15,dfa7079d-5731-4364-819d-04447e32bfd0_1722696984.jpg,
6982fae4-ddcc-481a-bde8-fd754128e818,2024-08-03T14:55:43.000Z,2024-08-03T15:25:42.000Z,gladcolor@gmail.com,6982fae4-ddcc-481a-bde8-fd754128e818,1-7,33.990882,-81.005879,3,3761145,499457,17S,2024/08/03,10:55:18,6982fae4-ddcc-481a-bde8-fd754128e818_1722696925.jpg,
5ca4ccf6-ff58-4ad1-ac43-d5440dc41684,2024-08-03T14:54:40.000Z,2024-08-03T15:25:37.000Z,gladcolor@gmail.com,5ca4ccf6-ff58-4ad1-ac43-d5440dc41684,6-2,33.990713,-81.00571,5,3761126,499472,17S,2024/08/03,10:53:45,5ca4ccf6-ff58-4ad1-ac43-d5440dc41684_1722696845.jpg,
68a78fe7-c24f-4f13-b023-68e5996cad60,2024-08-03T14:52:46.000Z,2024-08-03T15:25:32.000Z,gladcolor@gmail.com,68a78fe7-c24f-4f13-b023-68e5996cad60,1-9,33.990811,-81.005663,3,3761137,499476,17S,2024/08/03,10:52:38,68a78fe7-c24f-4f13-b023-68e5996cad60_1722696763.jpg,
0d1177f7-d010-4ed8-b6af-f49b636863fd,2024-08-03T14:51:41.000Z,2024-08-03T15:25:27.000Z,gladcolor@gmail.com,0d1177f7-d010-4ed8-b6af-f49b636863fd,6-0,33.990873,-81.005612,3,3761144,499481,17S,2024/08/03,10:51:26,0d1177f7-d010-4ed8-b6af-f49b636863fd_1722696697.jpg,
511fcbf4-9247-4a82-8584-1fa960b04a49,2024-08-03T14:50:33.000Z,2024-08-03T15:25:22.000Z,gladcolor@gmail.com,511fcbf4-9247-4a82-8584-1fa960b04a49,1-3,33.990777,-81.005347,3,3761133,499506,17S,2024/08/03,10:50:22,511fcbf4-9247-4a82-8584-1fa960b04a49_1722696630.jpg,
8776cc38-cff8-4472-a06e-15d5ae86fef6,2024-08-03T14:49:51.000Z,2024-08-03T15:25:17.000Z,gladcolor@gmail.com,8776cc38-cff8-4472-a06e-15d5ae86fef6,1-1,33.99083,-81.005099,3,3761139,499529,17S,2024/08/03,10:49:34,8776cc38-cff8-4472-a06e-15d5ae86fef6_1722696581.jpg,
e89b9ae4-479d-43e4-8afa-70bd7326d5de,2024-08-03T14:48:51.000Z,2024-08-03T15:25:12.000Z,gladcolor@gmail.com,e89b9ae4-479d-43e4-8afa-70bd7326d5de,4-9,33.990735,-81.004863,2,3761128,499550,17S,2024/08/03,10:48:41,e89b9ae4-479d-43e4-8afa-70bd7326d5de_1722696527.jpg,
26756b37-2680-44b9-a914-a879e6fe6611,2024-08-03T14:47:50.000Z,2024-08-03T15:25:07.000Z,gladcolor@gmail.com,26756b37-2680-44b9-a914-a879e6fe6611,5-10,33.990739,-81.004755,2,3761129,499560,17S,2024/08/03,10:47:37,26756b37-2680-44b9-a914-a879e6fe6611_1722696466.jpg,
d2908cdf-2a90-44e9-adde-32668f12e092,2024-08-03T14:46:45.000Z,2024-08-03T15:25:02.000Z,gladcolor@gmail.com,d2908cdf-2a90-44e9-adde-32668f12e092,6-7,33.990731,-81.004658,3,3761128,499569,17S,2024/08/03,10:46:32,d2908cdf-2a90-44e9-adde-32668f12e092_1722696401.jpg,
8f3e3b52-1060-44b3-bd07-fe602c582447,2024-08-03T14:45:44.000Z,2024-08-03T15:24:57.000Z,gladcolor@gmail.com,8f3e3b52-1060-44b3-bd07-fe602c582447,4-0,33.99078,-81.004511,3,3761133,499583,17S,2024/08/03,10:45:32,8f3e3b52-1060-44b3-bd07-fe602c582447_1722696341.jpg,
66396ffe-b5de-414a-b14b-d47c3349a9cc,2024-08-03T14:44:57.000Z,2024-08-03T15:24:52.000Z,gladcolor@gmail.com,66396ffe-b5de-414a-b14b-d47c3349a9cc,2-6,33.990806,-81.004474,3,3761136,499586,17S,2024/08/03,10:44:42,66396ffe-b5de-414a-b14b-d47c3349a9cc_1722696290.jpg,
e6d5759f-003d-4a38-beb3-274bd773a8f2,2024-08-03T14:44:05.000Z,2024-08-03T15:24:47.000Z,gladcolor@gmail.com,e6d5759f-003d-4a38-beb3-274bd773a8f2,2-5,33.990652,-81.004161,3,3761119,499615,17S,2024/08/03,10:43:53,e6d5759f-003d-4a38-beb3-274bd773a8f2_1722696242.jpg,
472f5b0b-9dd8-49f3-ac4e-72810bb1da4d,2024-08-03T14:42:17.000Z,2024-08-03T15:24:42.000Z,gladcolor@gmail.com,472f5b0b-9dd8-49f3-ac4e-72810bb1da4d,6-6,33.990645,-81.003859,3,3761118,499643,17S,2024/08/03,10:41:59,472f5b0b-9dd8-49f3-ac4e-72810bb1da4d_1722696133.jpg,
fd44a744-a61c-437b-9e72-999622f00534,2024-08-03T14:40:49.000Z,2024-08-03T15:24:37.000Z,gladcolor@gmail.com,fd44a744-a61c-437b-9e72-999622f00534,11-0,33.990623,-81.003693,3,3761116,499658,17S,2024/08/03,10:40:30,fd44a744-a61c-437b-9e72-999622f00534_1722696042.jpg,
793cb8c7-3d07-4298-8cc6-52ad00667d27,2024-08-03T14:38:43.000Z,2024-08-03T15:24:32.000Z,gladcolor@gmail.com,793cb8c7-3d07-4298-8cc6-52ad00667d27,8-8,33.990657,-81.003482,2,3761120,499678,17S,2024/08/03,10:38:25,793cb8c7-3d07-4298-8cc6-52ad00667d27_1722695917.jpg,
81f34878-b605-4b09-8b23-dd59418d3ab7,2024-08-03T14:36:53.000Z,2024-08-03T15:24:27.000Z,gladcolor@gmail.com,81f34878-b605-4b09-8b23-dd59418d3ab7,9-4,33.990646,-81.003129,3,3761118,499711,17S,2024/08/03,10:36:39,81f34878-b605-4b09-8b23-dd59418d3ab7_1722695809.jpg,
cd3b0080-009f-421f-a1f5-803b39d76005,2024-08-03T14:35:31.000Z,2024-08-03T15:24:22.000Z,gladcolor@gmail.com,cd3b0080-009f-421f-a1f5-803b39d76005,2-7,33.990612,-81.00295,2,3761115,499727,17S,2024/08/03,10:35:23,cd3b0080-009f-421f-a1f5-803b39d76005_1722695727.jpg,
944d1310-12a8-4b9e-8654-2057f9cb9559,2024-08-03T14:34:29.000Z,2024-08-03T15:24:17.000Z,gladcolor@gmail.com,944d1310-12a8-4b9e-8654-2057f9cb9559,10-3,33.990573,-81.002785,3,3761110,499742,17S,2024/08/03,10:34:19,944d1310-12a8-4b9e-8654-2057f9cb9559_1722695664.jpg,
13656415-7694-439b-a106-ffa883151b80,2024-08-03T14:32:36.000Z,2024-08-03T15:24:12.000Z,gladcolor@gmail.com,13656415-7694-439b-a106-ffa883151b80,8-10,33.9906,-81.002728,2,3761113,499748,17S,2024/08/03,10:32:28,13656415-7694-439b-a106-ffa883151b80_1722695552.jpg,
4d3df751-46eb-442c-947b-f6349a494884,2024-08-03T14:31:17.000Z,2024-08-03T15:24:07.000Z,gladcolor@gmail.com,4d3df751-46eb-442c-947b-f6349a494884,4-9,33.990572,-81.002507,2,3761110,499768,17S,2024/08/03,10:31:04,4d3df751-46eb-442c-947b-f6349a494884_1722695472.jpg,
8b6e0423-34a4-4f34-9fdd-a0c158dae682,2024-08-03T14:30:10.000Z,2024-08-03T15:24:02.000Z,gladcolor@gmail.com,8b6e0423-34a4-4f34-9fdd-a0c158dae682,3-6,33.990527,-81.00227,3,3761105,499790,17S,2024/08/03,10:30:01,8b6e0423-34a4-4f34-9fdd-a0c158dae682_1722695407.jpg,
0bab187c-05bd-4847-98e3-17bb49a0c53d,2024-08-03T14:29:14.000Z,2024-08-03T15:23:57.000Z,gladcolor@gmail.com,0bab187c-05bd-4847-98e3-17bb49a0c53d,7-4,33.990505,-81.002159,2,3761103,499800,17S,2024/08/03,10:28:54,0bab187c-05bd-4847-98e3-17bb49a0c53d_1722695341.jpg,
cb77b27f-4e4a-4591-b6e0-7311acf90b0c,2024-08-03T14:27:26.000Z,2024-08-03T15:23:52.000Z,gladcolor@gmail.com,cb77b27f-4e4a-4591-b6e0-7311acf90b0c,8-1,33.990554,-81.002114,2,3761108,499804,17S,2024/08/03,10:27:13,cb77b27f-4e4a-4591-b6e0-7311acf90b0c_1722695243.jpg,
8e523ff7-a1a7-47e6-852f-c5cb6b414325,2024-08-03T14:25:44.000Z,2024-08-03T15:23:45.000Z,gladcolor@gmail.com,8e523ff7-a1a7-47e6-852f-c5cb6b414325,1-6,33.990546,-81.001908,3,3761107,499823,17S,2024/08/03,10:25:31,8e523ff7-a1a7-47e6-852f-c5cb6b414325_1722695139.jpg,
7f8fda30-c591-45eb-a1cd-55fec90a9b42,2024-08-03T14:24:39.000Z,2024-08-03T15:23:40.000Z,gladcolor@gmail.com,7f8fda30-c591-45eb-a1cd-55fec90a9b42,6-1,33.990693,-81.001914,3,3761124,499823,17S,2024/08/03,10:24:26,7f8fda30-c591-45eb-a1cd-55fec90a9b42_1722695075.jpg,
135cbf18-d350-408e-96f6-119dbbad3350,2024-08-03T14:23:37.000Z,2024-08-03T15:23:35.000Z,gladcolor@gmail.com,135cbf18-d350-408e-96f6-119dbbad3350,5-7,33.990694,-81.002096,3,3761124,499806,17S,2024/08/03,10:23:22,135cbf18-d350-408e-96f6-119dbbad3350_1722695009.jpg,
f8486c22-4529-4bde-8c0a-8b60f065f4a8,2024-08-03T14:22:17.000Z,2024-08-03T15:23:31.000Z,gladcolor@gmail.com,f8486c22-4529-4bde-8c0a-8b60f065f4a8,3-8,33.990677,-81.002098,3,3761122,499806,17S,2024/08/03,10:22:03,f8486c22-4529-4bde-8c0a-8b60f065f4a8_1722694932.jpg,
b677f06f-86fb-43de-9761-e50a8408a9a2,2024-08-03T14:21:04.000Z,2024-08-03T15:23:25.000Z,gladcolor@gmail.com,b677f06f-86fb-43de-9761-e50a8408a9a2,6-10,33.990754,-81.002181,2,3761130,499798,17S,2024/08/03,10:20:49,b677f06f-86fb-43de-9761-e50a8408a9a2_1722694860.jpg,
e9a022d8-318c-4620-9a1d-edd6a493b918,2024-08-03T14:19:49.000Z,2024-08-03T15:23:20.000Z,gladcolor@gmail.com,e9a022d8-318c-4620-9a1d-edd6a493b918,7-2,33.990659,-81.002402,2,3761120,499778,17S,2024/08/03,10:19:38,e9a022d8-318c-4620-9a1d-edd6a493b918_1722694786.jpg,
97d9d70a-01e7-4b0b-be17-13b60131a938,2024-08-03T14:18:42.000Z,2024-08-03T15:23:15.000Z,gladcolor@gmail.com,97d9d70a-01e7-4b0b-be17-13b60131a938,6-5,33.990794,-81.002506,3,3761135,499768,17S,2024/08/03,10:18:30,97d9d70a-01e7-4b0b-be17-13b60131a938_1722694716.jpg,
05bae851-66a5-4f48-bc03-902322c2f564,2024-08-03T14:17:20.000Z,2024-08-03T15:23:11.000Z,gladcolor@gmail.com,05bae851-66a5-4f48-bc03-902322c2f564,3-6,33.990633,-81.00264,2,3761117,499756,17S,2024/08/03,10:17:08,05bae851-66a5-4f48-bc03-902322c2f564_1722694636.jpg,
b21f1b88-35df-438c-8f8a-ef85c144be5c,2024-08-03T14:16:04.000Z,2024-08-03T15:23:09.000Z,gladcolor@gmail.com,b21f1b88-35df-438c-8f8a-ef85c144be5c,5-2,33.990721,-81.002718,2,3761127,499748,17S,2024/08/03,10:15:50,b21f1b88-35df-438c-8f8a-ef85c144be5c_1722694559.jpg,
88a1cc60-2e26-4c3f-88f9-db566472b15c,2024-08-03T14:14:51.000Z,2024-08-03T15:23:07.000Z,gladcolor@gmail.com,88a1cc60-2e26-4c3f-88f9-db566472b15c,3-6,33.990671,-81.002869,3,3761121,499735,17S,2024/08/03,10:14:37,88a1cc60-2e26-4c3f-88f9-db566472b15c_1722694488.jpg,
b5816c90-3764-40f6-b371-c6822d336757,2024-08-03T14:13:40.000Z,2024-08-03T15:23:05.000Z,gladcolor@gmail.com,b5816c90-3764-40f6-b371-c6822d336757,3-11,33.990691,-81.003033,2,3761123,499719,17S,2024/08/03,10:13:29,b5816c90-3764-40f6-b371-c6822d336757_1722694416.jpg,
ec72fc66-bb59-4005-a8e6-3ff27fceeb63,2024-08-03T14:12:29.000Z,2024-08-03T15:23:03.000Z,gladcolor@gmail.com,ec72fc66-bb59-4005-a8e6-3ff27fceeb63,7-10,33.990686,-81.003333,3,3761123,499692,17S,2024/08/03,10:12:16,ec72fc66-bb59-4005-a8e6-3ff27fceeb63_1722694346.jpg,
5908d0af-77e8-48fc-b77d-26c80df7d009,2024-08-03T14:10:54.000Z,2024-08-03T15:23:01.000Z,gladcolor@gmail.com,5908d0af-77e8-48fc-b77d-26c80df7d009,2-9,33.990752,-81.003422,2,3761130,499683,17S,2024/08/03,10:10:42,5908d0af-77e8-48fc-b77d-26c80df7d009_1722694250.jpg,
166658b7-495b-4b70-8a56-ed80cb4756ae,2024-08-03T14:10:02.000Z,2024-08-03T15:22:59.000Z,gladcolor@gmail.com,166658b7-495b-4b70-8a56-ed80cb4756ae,3-9,33.9908,-81.003568,3,3761135,499670,17S,2024/08/03,10:09:10,166658b7-495b-4b70-8a56-ed80cb4756ae_1722694159.jpg,
b2708178-0247-4596-9e07-a2c69238d9bf,2024-08-03T14:08:15.000Z,2024-08-03T15:22:57.000Z,gladcolor@gmail.com,b2708178-0247-4596-9e07-a2c69238d9bf,5-4,33.9908,-81.003801,3,3761135,499648,17S,2024/08/03,10:08:01,b2708178-0247-4596-9e07-a2c69238d9bf_1722694092.jpg,
4c3c0f53-aa28-471a-bffb-8017a384930d,2024-08-03T14:06:45.000Z,2024-08-03T15:22:56.000Z,gladcolor@gmail.com,4c3c0f53-aa28-471a-bffb-8017a384930d,1-11,33.990846,-81.004144,2,3761141,499617,17S,2024/08/03,10:06:30,4c3c0f53-aa28-471a-bffb-8017a384930d_1722694001.jpg,
49623092-5481-4273-812d-d3d8fa913f0c,2024-08-03T14:05:50.000Z,2024-08-03T15:22:54.000Z,gladcolor@gmail.com,49623092-5481-4273-812d-d3d8fa913f0c,6-2,33.990841,-81.004296,2,3761140,499603,17S,2024/08/03,10:05:37,49623092-5481-4273-812d-d3d8fa913f0c_1722693946.jpg,
681a1ef7-c3df-4e22-a147-34ecc6da8efa,2024-08-03T14:04:26.000Z,2024-08-03T15:22:52.000Z,gladcolor@gmail.com,681a1ef7-c3df-4e22-a147-34ecc6da8efa,7-11,33.990854,-81.004399,3,3761141,499593,17S,2024/08/03,10:04:08,681a1ef7-c3df-4e22-a147-34ecc6da8efa_1722693863.jpg,
8d5dc089-288b-47eb-b568-b94c9c1b7172,2024-08-03T14:02:47.000Z,2024-08-03T15:22:50.000Z,gladcolor@gmail.com,8d5dc089-288b-47eb-b568-b94c9c1b7172,3-0,33.990863,-81.004807,2,3761142,499556,17S,2024/08/03,10:02:36,8d5dc089-288b-47eb-b568-b94c9c1b7172_1722693764.jpg,
590270bb-c94b-46c5-a456-86c5c9c4c5de,2024-08-03T14:01:47.000Z,2024-08-03T15:22:48.000Z,gladcolor@gmail.com,590270bb-c94b-46c5-a456-86c5c9c4c5de,4-8,33.990883,-81.004898,2,3761145,499547,17S,2024/08/03,10:01:36,590270bb-c94b-46c5-a456-86c5c9c4c5de_1722693703.jpg,
1ff3430f-7161-4559-9ce9-dcca1f4c3521,2024-08-03T14:00:35.000Z,2024-08-03T15:22:46.000Z,gladcolor@gmail.com,1ff3430f-7161-4559-9ce9-dcca1f4c3521,5-7,33.990902,-81.004956,3,3761147,499542,17S,2024/08/03,10:00:24,1ff3430f-7161-4559-9ce9-dcca1f4c3521_1722693631.jpg,
0dc4dabb-48a4-4de5-aad1-f31d5df0b7dc,2024-08-03T13:59:12.000Z,2024-08-03T15:22:44.000Z,gladcolor@gmail.com,0dc4dabb-48a4-4de5-aad1-f31d5df0b7dc,10-2,33.990946,-81.005261,3,3761152,499514,17S,2024/08/03,09:59:01,0dc4dabb-48a4-4de5-aad1-f31d5df0b7dc_1722693549.jpg,
1adca646-b8e4-482f-9070-1722d81ae2dd,2024-08-03T13:58:00.000Z,2024-08-03T15:22:42.000Z,gladcolor@gmail.com,1adca646-b8e4-482f-9070-1722d81ae2dd,1-11,33.990752,-81.005443,3,3761130,499497,17S,2024/08/03,09:57:45,1adca646-b8e4-482f-9070-1722d81ae2dd_1722693476.jpg,
1b6148ba-5912-44a7-ae4f-a95e62b1e8b4,2024-08-03T13:57:03.000Z,2024-08-03T15:22:40.000Z,gladcolor@gmail.com,1b6148ba-5912-44a7-ae4f-a95e62b1e8b4,8-8,33.990996,-81.005691,2,3761157,499474,17S,2024/08/03,09:56:48,1b6148ba-5912-44a7-ae4f-a95e62b1e8b4_1722693419.jpg,
0d1502cd-b86d-47bd-8272-ca8c12456b0a,2024-08-03T13:55:30.000Z,2024-08-03T15:22:38.000Z,gladcolor@gmail.com,0d1502cd-b86d-47bd-8272-ca8c12456b0a,1-0,33.990928,-81.005739,3,3761150,499469,17S,2024/08/03,09:55:18,0d1502cd-b86d-47bd-8272-ca8c12456b0a_1722693327.jpg,
fc8bc293-fb92-4c70-af28-df7f218efa18,2024-08-03T13:54:16.000Z,2024-08-03T15:22:36.000Z,gladcolor@gmail.com,fc8bc293-fb92-4c70-af28-df7f218efa18,10-11,33.990963,-81.006049,3,3761153,499441,17S,2024/08/03,09:54:05,fc8bc293-fb92-4c70-af28-df7f218efa18_1722693251.jpg,
9b3a343b-cd42-4df4-98fd-9e9297cacc3e,2024-08-03T13:53:05.000Z,2024-08-03T15:22:34.000Z,gladcolor@gmail.com,9b3a343b-cd42-4df4-98fd-9e9297cacc3e,1-4,33.990973,-81.00607,2,3761155,499439,17S,2024/08/03,09:52:50,9b3a343b-cd42-4df4-98fd-9e9297cacc3e_1722693179.jpg,
1d09276f-89d4-48d4-b978-2cdbd9a20d79,2024-08-03T13:51:12.000Z,2024-08-03T15:22:32.000Z,gladcolor@gmail.com,1d09276f-89d4-48d4-b978-2cdbd9a20d79,2-4,33.991002,-81.006494,3,3761158,499400,17S,2024/08/03,09:51:01,1d09276f-89d4-48d4-b978-2cdbd9a20d79_1722693068.jpg,
b6795ef4-ff66-4e4e-b239-cfb147fb8bb1,2024-08-03T13:50:03.000Z,2024-08-03T15:22:31.000Z,gladcolor@gmail.com,b6795ef4-ff66-4e4e-b239-cfb147fb8bb1,4-3,33.991017,-81.00665,3,3761159,499385,17S,2024/08/03,09:49:48,b6795ef4-ff66-4e4e-b239-cfb147fb8bb1_1722692999.jpg,
627b7918-d65b-48b2-9e34-610587f3a3dc,2024-08-03T13:48:51.000Z,2024-08-03T15:22:28.000Z,gladcolor@gmail.com,627b7918-d65b-48b2-9e34-610587f3a3dc,4-0,33.991008,-81.006661,3,3761158,499384,17S,2024/08/03,09:48:38,627b7918-d65b-48b2-9e34-610587f3a3dc_1722692927.jpg,
7c8113b5-4dd3-48f1-80d5-0144045cb4a1,2024-08-03T13:48:01.000Z,2024-08-03T15:22:26.000Z,gladcolor@gmail.com,7c8113b5-4dd3-48f1-80d5-0144045cb4a1,1-11,33.991042,-81.006783,2,3761162,499373,17S,2024/08/03,09:47:29,7c8113b5-4dd3-48f1-80d5-0144045cb4a1_1722692858.jpg,
97feed67-5735-43ee-9e07-3e708c1454d6,2024-08-03T13:46:29.000Z,2024-08-03T15:22:24.000Z,gladcolor@gmail.com,97feed67-5735-43ee-9e07-3e708c1454d6,5-3,33.99104,-81.006884,2,3761162,499364,17S,2024/08/03,09:46:17,97feed67-5735-43ee-9e07-3e708c1454d6_1722692786.jpg,
82ca94a1-479b-432d-928b-b2eb0ac4ae93,2024-08-03T13:45:00.000Z,2024-08-03T15:22:22.000Z,gladcolor@gmail.com,82ca94a1-479b-432d-928b-b2eb0ac4ae93,4-3,33.991097,-81.007148,2,3761168,499339,17S,2024/08/03,09:44:48,82ca94a1-479b-432d-928b-b2eb0ac4ae93_1722692697.jpg,
a47b9c29-69f8-4314-b2f9-c56242abded3,2024-08-03T13:43:59.000Z,2024-08-03T15:22:20.000Z,gladcolor@gmail.com,a47b9c29-69f8-4314-b2f9-c56242abded3,1-8,33.991056,-81.007272,3,3761164,499328,17S,2024/08/03,09:43:48,a47b9c29-69f8-4314-b2f9-c56242abded3_1722692635.jpg,
9c50643d-7b9a-4f2e-a3fa-a2830d1a84a4,2024-08-03T13:42:54.000Z,2024-08-03T15:22:19.000Z,gladcolor@gmail.com,9c50643d-7b9a-4f2e-a3fa-a2830d1a84a4,3-6,33.991066,-81.007427,3,3761165,499314,17S,2024/08/03,09:42:43,9c50643d-7b9a-4f2e-a3fa-a2830d1a84a4_1722692570.jpg,
cf397535-b1dd-4192-8112-5bfe9b0e2408,2024-08-03T13:42:02.000Z,2024-08-03T15:22:17.000Z,gladcolor@gmail.com,cf397535-b1dd-4192-8112-5bfe9b0e2408,1-7,33.99108,-81.007598,2,3761166,499298,17S,2024/08/03,09:41:52,cf397535-b1dd-4192-8112-5bfe9b0e2408_1722692518.jpg,
c88bbb0e-7727-4b0b-9c10-46c907f44f06,2024-08-03T13:40:57.000Z,2024-08-03T15:22:15.000Z,gladcolor@gmail.com,c88bbb0e-7727-4b0b-9c10-46c907f44f06,3-10,33.991104,-81.007853,3,3761169,499274,17S,2024/08/03,09:40:46,c88bbb0e-7727-4b0b-9c10-46c907f44f06_1722692453.jpg,
a983ce63-c843-418c-97c6-f747fa898c34,2024-08-03T13:39:31.000Z,2024-08-03T15:22:13.000Z,gladcolor@gmail.com,a983ce63-c843-418c-97c6-f747fa898c34,1-4,33.991096,-81.008123,2,3761168,499249,17S,2024/08/03,09:39:22,a983ce63-c843-418c-97c6-f747fa898c34_1722692368.jpg,
fb6d9351-1434-4794-a964-b1130c84165c,2024-08-03T13:38:27.000Z,2024-08-03T15:21:57.000Z,gladcolor@gmail.com,fb6d9351-1434-4794-a964-b1130c84165c,8-2,33.991101,-81.008264,2,3761169,499236,17S,2024/08/03,09:38:13,fb6d9351-1434-4794-a964-b1130c84165c_1722692304.jpg,
90e4db6c-8680-4a95-b3f4-5b1422037a58,2024-08-03T13:37:17.000Z,2024-08-03T15:21:52.000Z,gladcolor@gmail.com,90e4db6c-8680-4a95-b3f4-5b1422037a58,3-8,33.991142,-81.008379,2,3761173,499226,17S,2024/08/03,09:37:00,90e4db6c-8680-4a95-b3f4-5b1422037a58_1722692233.jpg,
a688b71d-03a5-4ea7-a5d1-f9a6fcc109c3,2024-08-03T13:35:39.000Z,2024-08-03T15:21:47.000Z,gladcolor@gmail.com,a688b71d-03a5-4ea7-a5d1-f9a6fcc109c3,9-3,33.991176,-81.008545,3,3761177,499210,17S,2024/08/03,09:35:27,a688b71d-03a5-4ea7-a5d1-f9a6fcc109c3_1722692134.jpg,
69391140-6587-4de3-bd89-a317bd91af2f,2024-08-03T13:34:02.000Z,2024-08-03T15:21:42.000Z,gladcolor@gmail.com,69391140-6587-4de3-bd89-a317bd91af2f,9-8,33.991103,-81.008692,2,3761169,499197,17S,2024/08/03,09:33:48,69391140-6587-4de3-bd89-a317bd91af2f_1722692038.jpg,
3e43c2ea-57bf-46c1-9b80-cd46d1fe1479,2024-08-03T13:32:25.000Z,2024-08-03T15:21:37.000Z,gladcolor@gmail.com,3e43c2ea-57bf-46c1-9b80-cd46d1fe1479,8-11,33.991191,-81.008832,3,3761179,499184,17S,2024/08/03,09:32:10,3e43c2ea-57bf-46c1-9b80-cd46d1fe1479_1722691940.jpg,
81dd72c0-dd3e-4863-a98b-07c4c79f4b57,2024-08-03T13:30:59.000Z,2024-08-03T15:21:32.000Z,gladcolor@gmail.com,81dd72c0-dd3e-4863-a98b-07c4c79f4b57,2-11,33.99123,-81.009052,2,3761183,499163,17S,2024/08/03,09:30:45,81dd72c0-dd3e-4863-a98b-07c4c79f4b57_1722691855.jpg,
95f65adc-a6c1-494a-9e2f-7619fb7daff1,2024-08-03T13:28:57.000Z,2024-08-03T15:21:27.000Z,gladcolor@gmail.com,95f65adc-a6c1-494a-9e2f-7619fb7daff1,9-6,33.991195,-81.00918,2,3761179,499152,17S,2024/08/03,09:28:42,95f65adc-a6c1-494a-9e2f-7619fb7daff1_1722691733.jpg,
7eda123b-653b-4a20-98ec-ed68650783be,2024-08-03T13:27:15.000Z,2024-08-03T15:21:22.000Z,gladcolor@gmail.com,7eda123b-653b-4a20-98ec-ed68650783be,0-11,33.99118,-81.009136,3,3761178,499156,17S,2024/08/03,09:27:03,7eda123b-653b-4a20-98ec-ed68650783be_1722691631.jpg,
18ab0b3b-33c4-4681-9f78-6d93c4255931,2024-08-03T13:26:04.000Z,2024-08-03T15:21:17.000Z,gladcolor@gmail.com,18ab0b3b-33c4-4681-9f78-6d93c4255931,1-9,33.991256,-81.009375,3,3761186,499134,17S,2024/08/03,09:25:48,18ab0b3b-33c4-4681-9f78-6d93c4255931_1722691558.jpg,
0109cf53-31aa-4406-aff9-97771900be1e,2024-08-03T13:24:37.000Z,2024-08-03T15:21:12.000Z,gladcolor@gmail.com,0109cf53-31aa-4406-aff9-97771900be1e,5-3,33.991257,-81.009587,3,3761186,499114,17S,2024/08/03,09:24:22,0109cf53-31aa-4406-aff9-97771900be1e_1722691473.jpg,
2254e854-3810-4374-9b8c-6df15bd4775f,2024-08-03T13:22:22.000Z,2024-08-03T15:21:10.000Z,gladcolor@gmail.com,2254e854-3810-4374-9b8c-6df15bd4775f,5-2,33.991293,-81.009753,3,3761190,499099,17S,2024/08/03,09:21:57,2254e854-3810-4374-9b8c-6df15bd4775f_1722691334.jpg,
24763d55-4d76-498b-af6d-22d2799bb33a,2024-08-03T13:20:44.000Z,2024-08-03T15:21:08.000Z,gladcolor@gmail.com,24763d55-4d76-498b-af6d-22d2799bb33a,9-0,33.991364,-81.009828,2,3761198,499092,17S,2024/08/03,09:20:04,24763d55-4d76-498b-af6d-22d2799bb33a_1722691236.jpg,
f7be75ef-568e-41f4-a23e-1c362daa3211,2023-11-26T15:51:04.000Z,2023-12-05T21:12:38.000Z,gladcolor@gmail.com,f7be75ef-568e-41f4-a23e-1c362daa3211,8-3,33.991082,-81.011434,4,3761167,498943,17S,2023/11/26,10:50:21,f7be75ef-568e-41f4-a23e-1c362daa3211_1701013861.jpg,
4f678d9e-12b2-47b5-8bab-41c766e4240e,2023-11-26T15:49:21.000Z,2023-12-05T21:12:36.000Z,gladcolor@gmail.com,4f678d9e-12b2-47b5-8bab-41c766e4240e,5-7,33.991035,-81.011503,4,3761162,498937,17S,2023/11/26,10:48:53,4f678d9e-12b2-47b5-8bab-41c766e4240e_1701013756.jpg,
6af7269d-6e88-45d5-a1e2-5a20282eefc7,2023-11-26T15:48:02.000Z,2023-12-05T21:12:34.000Z,gladcolor@gmail.com,6af7269d-6e88-45d5-a1e2-5a20282eefc7,8-0,33.990948,-81.011773,4,3761152,498912,17S,2023/11/26,10:47:26,6af7269d-6e88-45d5-a1e2-5a20282eefc7_1701013676.jpg,
3e1d95ee-5c7b-44b9-8479-d7d393b0472b,2023-11-26T15:45:25.000Z,2023-12-05T21:12:32.000Z,gladcolor@gmail.com,3e1d95ee-5c7b-44b9-8479-d7d393b0472b,7-0,33.990832,-81.011882,4,3761139,498902,17S,2023/11/26,10:45:02,3e1d95ee-5c7b-44b9-8479-d7d393b0472b_1701013522.jpg,
ea899df8-6bb6-48d1-8116-8078c83f7764,2023-11-26T15:44:11.000Z,2023-12-05T21:12:30.000Z,gladcolor@gmail.com,ea899df8-6bb6-48d1-8116-8078c83f7764,5-4,33.990679,-81.011877,4,3761122,498903,17S,2023/11/26,10:43:45,ea899df8-6bb6-48d1-8116-8078c83f7764_1701013446.jpg,
6db0ee52-44b7-4a7b-96d6-9fbdf13e002f,2023-11-26T15:43:25.000Z,2023-12-05T21:12:29.000Z,gladcolor@gmail.com,6db0ee52-44b7-4a7b-96d6-9fbdf13e002f,0-11,33.990569,-81.011754,4,3761110,498914,17S,2023/11/26,10:42:39,6db0ee52-44b7-4a7b-96d6-9fbdf13e002f_1701013375.jpg,
ef594190-a1d7-4071-bcdd-95184acca27e,2023-11-26T15:41:55.000Z,2023-12-05T21:12:27.000Z,gladcolor@gmail.com,ef594190-a1d7-4071-bcdd-95184acca27e,6-4,33.990538,-81.011716,4,3761106,498917,17S,2023/11/26,10:41:31,ef594190-a1d7-4071-bcdd-95184acca27e_1701013310.jpg,
1ad6e2f1-445e-40ae-bd04-cff04d7629da,2023-11-26T15:40:29.000Z,2023-12-05T21:12:25.000Z,gladcolor@gmail.com,1ad6e2f1-445e-40ae-bd04-cff04d7629da,6-8,33.990406,-81.011472,3,3761092,498940,17S,2023/11/26,10:40:03,1ad6e2f1-445e-40ae-bd04-cff04d7629da_1701013222.jpg,
6bb38748-8ac3-43f7-988f-36d194725f7f,2023-11-26T15:39:05.000Z,2023-12-05T21:12:23.000Z,gladcolor@gmail.com,6bb38748-8ac3-43f7-988f-36d194725f7f,0-10,33.990344,-81.01137,4,3761085,498949,17S,2023/11/26,10:38:44,6bb38748-8ac3-43f7-988f-36d194725f7f_1701013141.jpg,
f7a99432-9da9-4042-801f-c510e6c14819,2023-11-26T15:38:09.000Z,2023-12-05T21:12:21.000Z,gladcolor@gmail.com,f7a99432-9da9-4042-801f-c510e6c14819,4-0,33.990241,-81.011275,4,3761073,498958,17S,2023/11/26,10:37:47,f7a99432-9da9-4042-801f-c510e6c14819_1701013084.jpg,
0f536e52-040c-4472-b25a-393ef91f7213,2023-11-26T15:37:29.000Z,2023-12-05T21:12:19.000Z,gladcolor@gmail.com,0f536e52-040c-4472-b25a-393ef91f7213,4-3,33.990205,-81.01112,4,3761069,498972,17S,2023/11/26,10:36:39,0f536e52-040c-4472-b25a-393ef91f7213_1701013023.jpg,
5e6250c4-7ce9-4697-a2a1-aaa5fc254985,2023-11-26T15:35:31.000Z,2023-12-05T21:12:17.000Z,gladcolor@gmail.com,5e6250c4-7ce9-4697-a2a1-aaa5fc254985,4-6,33.990089,-81.011039,4,3761057,498980,17S,2023/11/26,10:34:59,5e6250c4-7ce9-4697-a2a1-aaa5fc254985_1701012927.jpg,
cae0aa37-df00-4639-9e54-903c57060651,2023-11-26T15:34:13.000Z,2023-12-05T21:12:15.000Z,gladcolor@gmail.com,cae0aa37-df00-4639-9e54-903c57060651,1-2,33.989951,-81.010988,4,3761041,498985,17S,2023/11/26,10:33:48,cae0aa37-df00-4639-9e54-903c57060651_1701012847.jpg,
2e621ae8-a1ca-4b5c-b658-80d224084e3b,2023-11-26T15:33:26.000Z,2023-12-05T21:12:14.000Z,gladcolor@gmail.com,2e621ae8-a1ca-4b5c-b658-80d224084e3b,6-9,33.989956,-81.010891,3,3761042,498994,17S,2023/11/26,10:32:44,2e621ae8-a1ca-4b5c-b658-80d224084e3b_1701012790.jpg,
b57f9ab8-690a-435d-9528-4b8c62912d43,2023-11-26T15:31:18.000Z,2023-12-05T21:12:12.000Z,gladcolor@gmail.com,b57f9ab8-690a-435d-9528-4b8c62912d43,4-3,33.989621,-81.010599,4,3761005,499021,17S,2023/11/26,10:30:54,b57f9ab8-690a-435d-9528-4b8c62912d43_1701012674.jpg,
f3e4d35f-e331-42d1-a822-de82d8c12685,2023-11-26T15:30:25.000Z,2023-12-05T21:12:10.000Z,gladcolor@gmail.com,f3e4d35f-e331-42d1-a822-de82d8c12685,3-1,33.989593,-81.010526,4,3761002,499027,17S,2023/11/26,10:29:49,f3e4d35f-e331-42d1-a822-de82d8c12685_1701012609.jpg,
99b99522-5994-43ab-b5e4-207ae6508b4f,2023-11-26T15:28:45.000Z,2023-12-05T21:12:08.000Z,gladcolor@gmail.com,99b99522-5994-43ab-b5e4-207ae6508b4f,1-8,33.989474,-81.010417,4,3760988,499037,17S,2023/11/26,10:28:19,99b99522-5994-43ab-b5e4-207ae6508b4f_1701012519.jpg,
cfb47fc1-809c-4efd-b42a-f50355274744,2023-11-26T15:27:41.000Z,2023-12-05T21:12:06.000Z,gladcolor@gmail.com,cfb47fc1-809c-4efd-b42a-f50355274744,1-1,33.989386,-81.010257,4,3760979,499052,17S,2023/11/26,10:27:10,cfb47fc1-809c-4efd-b42a-f50355274744_1701012447.jpg,
46c6379c-98ab-4df4-b8cb-cc1276cb951a,2023-11-24T17:09:16.000Z,2023-11-24T18:20:10.000Z,gladcolor@gmail.com,46c6379c-98ab-4df4-b8cb-cc1276cb951a,2-1,33.990823,-81.012047,4,3761138,498887,17S,2023/11/24,12:08:53,46c6379c-98ab-4df4-b8cb-cc1276cb951a_1700845751.jpg,
b418be89-2b28-4b35-91a4-f020f98ce643,2023-11-24T17:07:54.000Z,2023-11-24T18:20:08.000Z,gladcolor@gmail.com,b418be89-2b28-4b35-91a4-f020f98ce643,4-4,33.990655,-81.012032,4,3761119,498888,17S,2023/11/24,12:06:59,b418be89-2b28-4b35-91a4-f020f98ce643_1700845671.jpg,
3865956f-850c-4569-bf18-eeca0fc79204,2023-11-24T17:05:29.000Z,2023-11-24T18:20:06.000Z,gladcolor@gmail.com,3865956f-850c-4569-bf18-eeca0fc79204,0-5-4,33.990555,-81.011875,4,3761108,498903,17S,2023/11/24,12:05:05,3865956f-850c-4569-bf18-eeca0fc79204_1700845522.jpg,
f6f94365-d998-470c-9ec1-e139f96d7e22,2023-11-24T17:04:34.000Z,2023-11-24T18:20:04.000Z,gladcolor@gmail.com,f6f94365-d998-470c-9ec1-e139f96d7e22,1-9,33.990409,-81.011768,4,3761092,498913,17S,2023/11/24,12:03:33,f6f94365-d998-470c-9ec1-e139f96d7e22_1700845435.jpg,
4a970896-699c-411c-bec0-c0720db43f73,2023-11-24T17:02:28.000Z,2023-11-24T18:20:02.000Z,gladcolor@gmail.com,4a970896-699c-411c-bec0-c0720db43f73,1-8,33.990239,-81.011548,4,3761073,498933,17S,2023/11/24,12:01:56,4a970896-699c-411c-bec0-c0720db43f73_1700845342.jpg,
b038f7ca-8f84-48d8-a42c-eb0d74935c89,2023-11-24T17:00:47.000Z,2023-11-24T18:20:00.000Z,gladcolor@gmail.com,b038f7ca-8f84-48d8-a42c-eb0d74935c89,10-1,33.990185,-81.01143,4,3761067,498944,17S,2023/11/24,12:00:20,b038f7ca-8f84-48d8-a42c-eb0d74935c89_1700845238.jpg,
09099228-2a20-4fb2-995b-6c70742fdaec,2023-11-24T16:58:21.000Z,2023-11-24T18:19:58.000Z,gladcolor@gmail.com,09099228-2a20-4fb2-995b-6c70742fdaec,8-10,33.989958,-81.011266,4,3761042,498959,17S,2023/11/24,11:57:43,09099228-2a20-4fb2-995b-6c70742fdaec_1700845093.jpg,
0c1b2623-0878-41b0-8312-093205f2e1f2,2023-11-24T16:56:16.000Z,2023-11-24T18:19:56.000Z,gladcolor@gmail.com,0c1b2623-0878-41b0-8312-093205f2e1f2,4-2,33.989875,-81.011164,4,3761033,498968,17S,2023/11/24,11:55:49,0c1b2623-0878-41b0-8312-093205f2e1f2_1700844970.jpg,
d0688940-cfc3-4923-bc81-95d82028a839,2023-11-24T16:54:47.000Z,2023-11-24T18:19:54.000Z,gladcolor@gmail.com,d0688940-cfc3-4923-bc81-95d82028a839,4-2,33.989706,-81.010839,5,3761014,498998,17S,2023/11/24,11:53:51,d0688940-cfc3-4923-bc81-95d82028a839_1700844874.jpg,
089750ff-26fc-43c7-b5e3-076fb52b82e7,2023-11-24T16:52:06.000Z,2023-11-24T18:19:52.000Z,gladcolor@gmail.com,089750ff-26fc-43c7-b5e3-076fb52b82e7,3-5,33.989495,-81.010578,4,3760991,499023,17S,2023/11/24,11:50:28,089750ff-26fc-43c7-b5e3-076fb52b82e7_1700844711.jpg,
28eeb21e-f3ff-4f61-8fa9-34b61c16356c,2023-11-24T16:48:58.000Z,2023-11-24T18:19:51.000Z,gladcolor@gmail.com,28eeb21e-f3ff-4f61-8fa9-34b61c16356c,4-5,33.989387,-81.010487,4,3760979,499031,17S,2023/11/24,11:47:10,28eeb21e-f3ff-4f61-8fa9-34b61c16356c_1700844500.jpg,
6a4fc2a6-242d-4b81-86cf-5d764522b932,2023-11-24T16:45:56.000Z,2023-11-24T18:19:49.000Z,gladcolor@gmail.com,6a4fc2a6-242d-4b81-86cf-5d764522b932,4-8,33.98937,-81.010372,4,3760977,499042,17S,2023/11/24,11:45:30,6a4fc2a6-242d-4b81-86cf-5d764522b932_1700844344.jpg,
